<?xml version="1.0" encoding="UTF-8"?>
<!DOCTYPE office:document-meta PUBLIC "-//OpenOffice.org//DTD OfficeDocument 1.0//EN" "office.dtd"><office:document-meta xmlns:office="http://openoffice.org/2000/office" xmlns:xlink="http://www.w3.org/1999/xlink" xmlns:dc="http://purl.org/dc/elements/1.1/" xmlns:meta="http://openoffice.org/2000/meta" office:version="1.0"><office:meta><meta:generator>OpenOffice.org 1.1.5 (Win32)</meta:generator><!--645m58(Build:8950)--><meta:creation-date>2003-12-17T12:53:07</meta:creation-date><dc:date>2007-12-13T23:50:27</dc:date><meta:print-date>2003-12-17T14:11:54</meta:print-date><dc:language>en-US</dc:language><meta:editing-cycles>67</meta:editing-cycles><meta:editing-duration>PT5H24M12S</meta:editing-duration><meta:user-defined meta:name="Info 1"/><meta:user-defined meta:name="Info 2"/><meta:user-defined meta:name="Info 3"/><meta:user-defined meta:name="Info 4"/><meta:document-statistic meta:table-count="6" meta:image-count="0" meta:object-count="0" meta:page-count="1" meta:paragraph-count="97" meta:word-count="204" meta:character-count="861"/></office:meta></office:document-meta>