<?xml version="1.0" encoding="UTF-8"?>
<!DOCTYPE office:document-content PUBLIC "-//OpenOffice.org//DTD OfficeDocument 1.0//EN" "office.dtd"><office:document-content xmlns:office="http://openoffice.org/2000/office" xmlns:style="http://openoffice.org/2000/style" xmlns:text="http://openoffice.org/2000/text" xmlns:table="http://openoffice.org/2000/table" xmlns:draw="http://openoffice.org/2000/drawing" xmlns:fo="http://www.w3.org/1999/XSL/Format" xmlns:xlink="http://www.w3.org/1999/xlink" xmlns:number="http://openoffice.org/2000/datastyle" xmlns:svg="http://www.w3.org/2000/svg" xmlns:chart="http://openoffice.org/2000/chart" xmlns:dr3d="http://openoffice.org/2000/dr3d" xmlns:math="http://www.w3.org/1998/Math/MathML" xmlns:form="http://openoffice.org/2000/form" xmlns:script="http://openoffice.org/2000/script" office:class="text" office:version="1.0"><office:script/><office:font-decls><style:font-decl style:name="StarSymbol" fo:font-family="StarSymbol" style:font-charset="x-symbol"/><style:font-decl style:name="Tahoma1" fo:font-family="Tahoma"/><style:font-decl style:name="標楷體" fo:font-family="標楷體" style:font-family-generic="script" style:font-pitch="fixed"/><style:font-decl style:name="MingLiU" fo:font-family="MingLiU" style:font-pitch="variable"/><style:font-decl style:name="Tahoma" fo:font-family="Tahoma" style:font-pitch="variable"/><style:font-decl style:name="Times New Roman" fo:font-family="&apos;Times New Roman&apos;" style:font-family-generic="roman" style:font-pitch="variable"/><style:font-decl style:name="新細明體" fo:font-family="新細明體" style:font-family-generic="roman" style:font-pitch="variable"/><style:font-decl style:name="Cataneo BT" fo:font-family="&apos;Cataneo BT&apos;" style:font-family-generic="script" style:font-pitch="variable"/></office:font-decls><office:automatic-styles><style:style style:name="表格4" style:family="table" style:master-page-name=""><style:properties style:width="18.501cm" style:rel-width="100%" style:page-number="0" table:align="left"/></style:style><style:style style:name="表格4.A" style:family="table-column"><style:properties style:column-width="2.572cm" style:rel-column-width="1458*"/></style:style><style:style style:name="表格4.B" style:family="table-column"><style:properties style:column-width="4.882cm" style:rel-column-width="2768*"/></style:style><style:style style:name="表格4.C" style:family="table-column"><style:properties style:column-width="2.217cm" style:rel-column-width="1257*"/></style:style><style:style style:name="表格4.D" style:family="table-column"><style:properties style:column-width="3.436cm" style:rel-column-width="1948*"/></style:style><style:style style:name="表格4.E" style:family="table-column"><style:properties style:column-width="5.394cm" style:rel-column-width="3058*"/></style:style><style:style style:name="表格4.A1" style:family="table-cell"><style:properties fo:vertical-align="middle" fo:background-color="#ffffcc" fo:padding="0.097cm" fo:border-left="0.002cm solid #000000" fo:border-right="none" fo:border-top="0.002cm solid #000000" fo:border-bottom="0.002cm solid #000000"><style:background-image/></style:properties></style:style><style:style style:name="表格4.B1" style:family="table-cell"><style:properties fo:vertical-align="middle" fo:background-color="transparent" fo:padding="0.097cm" fo:border-left="0.002cm solid #000000" fo:border-right="none" fo:border-top="0.002cm solid #000000" fo:border-bottom="0.002cm solid #000000"><style:background-image/></style:properties></style:style><style:style style:name="表格4.D1" style:family="table-cell"><style:properties fo:vertical-align="middle" fo:background-color="transparent" fo:padding="0.097cm" fo:border="0.002cm solid #000000"><style:background-image/></style:properties></style:style><style:style style:name="表格4.A2" style:family="table-cell"><style:properties fo:vertical-align="middle" fo:background-color="#ffffcc" fo:padding="0.097cm" fo:border-left="0.002cm solid #000000" fo:border-right="none" fo:border-top="none" fo:border-bottom="0.002cm solid #000000"><style:background-image/></style:properties></style:style><style:style style:name="表格4.B2" style:family="table-cell"><style:properties fo:vertical-align="middle" fo:background-color="transparent" fo:padding="0.097cm" fo:border-left="0.002cm solid #000000" fo:border-right="none" fo:border-top="none" fo:border-bottom="0.002cm solid #000000"><style:background-image/></style:properties></style:style><style:style style:name="表格4.D2" style:family="table-cell"><style:properties fo:vertical-align="middle" fo:background-color="transparent" fo:padding="0.097cm" fo:border-left="0.002cm solid #000000" fo:border-right="0.002cm solid #000000" fo:border-top="none" fo:border-bottom="0.002cm solid #000000"><style:background-image/></style:properties></style:style><style:style style:name="表格4.E5.1.1" style:family="table-cell"><style:properties fo:vertical-align="middle" fo:background-color="#ffffcc" fo:padding="0.097cm" fo:border-left="0.002cm solid #000000" fo:border-right="0.002cm solid #000000" fo:border-top="none" fo:border-bottom="0.002cm solid #000000"><style:background-image/></style:properties></style:style><style:style style:name="表格4.E5.1.2" style:family="table-cell"><style:properties fo:background-color="transparent" fo:padding="0.097cm" fo:border-left="0.002cm solid #000000" fo:border-right="0.002cm solid #000000" fo:border-top="none" fo:border-bottom="0.002cm solid #000000"><style:background-image/></style:properties></style:style><style:style style:name="表格8" style:family="table"><style:properties style:width="18.501cm" table:align="margins"/></style:style><style:style style:name="表格8.A" style:family="table-column"><style:properties style:column-width="14.266cm" style:rel-column-width="50532*"/></style:style><style:style style:name="表格8.B" style:family="table-column"><style:properties style:column-width="4.235cm" style:rel-column-width="15003*"/></style:style><style:style style:name="表格8.A1" style:family="table-cell"><style:properties fo:padding="0.097cm" fo:border="none"/></style:style><style:style style:name="表格8.B1" style:family="table-cell"><style:properties fo:vertical-align="bottom" fo:padding="0.097cm" fo:border="none"/></style:style><style:style style:name="表格7" style:family="table" style:master-page-name=""><style:properties style:width="18.501cm" style:rel-width="100%" style:page-number="0" table:align="left"/></style:style><style:style style:name="表格7.A" style:family="table-column"><style:properties style:column-width="2.191cm" style:rel-column-width="1242*"/></style:style><style:style style:name="表格7.B" style:family="table-column"><style:properties style:column-width="4.258cm" style:rel-column-width="2414*"/></style:style><style:style style:name="表格7.C" style:family="table-column"><style:properties style:column-width="2.136cm" style:rel-column-width="1211*"/></style:style><style:style style:name="表格7.D" style:family="table-column"><style:properties style:column-width="9.917cm" style:rel-column-width="5622*"/></style:style><style:style style:name="表格7.A1" style:family="table-cell"><style:properties fo:vertical-align="middle" fo:background-color="#ffffcc" fo:padding="0.097cm" fo:border-left="0.002cm solid #000000" fo:border-right="none" fo:border-top="0.002cm solid #000000" fo:border-bottom="0.002cm solid #000000"><style:background-image/></style:properties></style:style><style:style style:name="表格7.B1" style:family="table-cell"><style:properties fo:vertical-align="middle" fo:background-color="transparent" fo:padding="0.097cm" fo:border-left="0.002cm solid #000000" fo:border-right="none" fo:border-top="0.002cm solid #000000" fo:border-bottom="0.002cm solid #000000"><style:background-image/></style:properties></style:style><style:style style:name="表格7.D1" style:family="table-cell"><style:properties fo:vertical-align="middle" fo:background-color="transparent" fo:padding="0.097cm" fo:border="0.002cm solid #000000"><style:background-image/></style:properties></style:style><style:style style:name="表格7.A2" style:family="table-cell"><style:properties fo:vertical-align="middle" fo:background-color="#ffffcc" fo:padding="0.097cm" fo:border-left="0.002cm solid #000000" fo:border-right="none" fo:border-top="none" fo:border-bottom="0.002cm solid #000000"><style:background-image/></style:properties></style:style><style:style style:name="表格7.B2" style:family="table-cell"><style:properties fo:vertical-align="middle" fo:background-color="transparent" fo:padding="0.097cm" fo:border-left="0.002cm solid #000000" fo:border-right="none" fo:border-top="none" fo:border-bottom="0.002cm solid #000000"><style:background-image/></style:properties></style:style><style:style style:name="表格7.D2" style:family="table-cell"><style:properties fo:vertical-align="middle" fo:background-color="transparent" fo:padding="0.097cm" fo:border-left="0.002cm solid #000000" fo:border-right="0.002cm solid #000000" fo:border-top="none" fo:border-bottom="0.002cm solid #000000"><style:background-image/></style:properties></style:style><style:style style:name="表格6" style:family="table"><style:properties style:width="18.501cm" style:rel-width="100%" table:align="left"/></style:style><style:style style:name="表格6.A" style:family="table-column"><style:properties style:column-width="0.963cm" style:rel-column-width="546*"/></style:style><style:style style:name="表格6.B" style:family="table-column"><style:properties style:column-width="4.135cm" style:rel-column-width="2344*"/></style:style><style:style style:name="表格6.C" style:family="table-column"><style:properties style:column-width="3.468cm" style:rel-column-width="1966*"/></style:style><style:style style:name="表格6.D" style:family="table-column"><style:properties style:column-width="9.936cm" style:rel-column-width="5633*"/></style:style><style:style style:name="表格6.A1" style:family="table-cell"><style:properties fo:vertical-align="middle" fo:background-color="#ffffcc" fo:padding="0.097cm" fo:border-left="0.002cm solid #000000" fo:border-right="none" fo:border-top="0.002cm solid #000000" fo:border-bottom="0.002cm solid #000000"><style:background-image/></style:properties></style:style><style:style style:name="表格6.D1" style:family="table-cell"><style:properties fo:vertical-align="middle" fo:background-color="#ffffcc" fo:padding="0.097cm" fo:border="0.002cm solid #000000"><style:background-image/></style:properties></style:style><style:style style:name="表格6.A2" style:family="table-cell" style:data-style-name="N0"><style:properties fo:vertical-align="middle" fo:background-color="transparent" fo:padding="0.097cm" fo:border-left="0.002cm solid #000000" fo:border-right="none" fo:border-top="none" fo:border-bottom="0.002cm solid #000000"><style:background-image/></style:properties></style:style><style:style style:name="表格6.B2" style:family="table-cell"><style:properties fo:vertical-align="middle" fo:background-color="transparent" fo:padding="0.097cm" fo:border-left="0.002cm solid #000000" fo:border-right="none" fo:border-top="none" fo:border-bottom="0.002cm solid #000000"><style:background-image/></style:properties></style:style><style:style style:name="表格6.D2" style:family="table-cell"><style:properties fo:vertical-align="middle" fo:background-color="transparent" fo:padding="0.097cm" fo:border-left="0.002cm solid #000000" fo:border-right="0.002cm solid #000000" fo:border-top="none" fo:border-bottom="0.002cm solid #000000"><style:background-image/></style:properties></style:style><style:style style:name="表格3" style:family="table"><style:properties style:width="18.501cm" table:align="margins"/></style:style><style:style style:name="表格3.A" style:family="table-column"><style:properties style:column-width="0.96cm" style:rel-column-width="3400*"/></style:style><style:style style:name="表格3.B" style:family="table-column"><style:properties style:column-width="4.408cm" style:rel-column-width="15613*"/></style:style><style:style style:name="表格3.C" style:family="table-column"><style:properties style:column-width="7.094cm" style:rel-column-width="25132*"/></style:style><style:style style:name="表格3.D" style:family="table-column"><style:properties style:column-width="2.02cm" style:rel-column-width="7156*"/></style:style><style:style style:name="表格3.E" style:family="table-column"><style:properties style:column-width="4.018cm" style:rel-column-width="14234*"/></style:style><style:style style:name="表格3.A1" style:family="table-cell"><style:properties fo:background-color="#ffffcc" fo:padding="0.097cm" fo:border-left="0.002cm solid #000000" fo:border-right="none" fo:border-top="0.002cm solid #000000" fo:border-bottom="0.002cm solid #000000"><style:background-image/></style:properties></style:style><style:style style:name="表格3.E1" style:family="table-cell"><style:properties fo:background-color="#ffffcc" fo:padding="0.097cm" fo:border="0.002cm solid #000000"><style:background-image/></style:properties></style:style><style:style style:name="表格3.A2" style:family="table-cell" style:data-style-name="N0"><style:properties fo:vertical-align="middle" fo:padding="0.097cm" fo:border-left="0.002cm solid #000000" fo:border-right="none" fo:border-top="none" fo:border-bottom="0.002cm solid #000000"/></style:style><style:style style:name="表格3.B2" style:family="table-cell"><style:properties fo:vertical-align="middle" fo:padding="0.097cm" fo:border-left="0.002cm solid #000000" fo:border-right="none" fo:border-top="none" fo:border-bottom="0.002cm solid #000000"/></style:style><style:style style:name="表格3.E2" style:family="table-cell"><style:properties fo:vertical-align="middle" fo:padding="0.097cm" fo:border-left="0.002cm solid #000000" fo:border-right="0.002cm solid #000000" fo:border-top="none" fo:border-bottom="0.002cm solid #000000"/></style:style><style:style style:name="表格9" style:family="table"><style:properties style:width="18.501cm" table:align="margins"/></style:style><style:style style:name="表格9.A" style:family="table-column"><style:properties style:column-width="14.266cm" style:rel-column-width="50532*"/></style:style><style:style style:name="表格9.B" style:family="table-column"><style:properties style:column-width="4.235cm" style:rel-column-width="15003*"/></style:style><style:style style:name="表格9.A1" style:family="table-cell"><style:properties fo:padding="0.097cm" fo:border="none"/></style:style><style:style style:name="表格9.B1" style:family="table-cell"><style:properties fo:vertical-align="bottom" fo:padding="0.097cm" fo:border="none"/></style:style><style:style style:name="表格10" style:family="table" style:master-page-name=""><style:properties style:width="18.501cm" style:rel-width="100%" style:page-number="0" table:align="left"/></style:style><style:style style:name="表格10.A" style:family="table-column"><style:properties style:column-width="2.191cm" style:rel-column-width="1242*"/></style:style><style:style style:name="表格10.B" style:family="table-column"><style:properties style:column-width="4.258cm" style:rel-column-width="2414*"/></style:style><style:style style:name="表格10.C" style:family="table-column"><style:properties style:column-width="2.136cm" style:rel-column-width="1211*"/></style:style><style:style style:name="表格10.D" style:family="table-column"><style:properties style:column-width="9.917cm" style:rel-column-width="5622*"/></style:style><style:style style:name="表格10.A1" style:family="table-cell"><style:properties fo:vertical-align="middle" fo:background-color="#ffffcc" fo:padding="0.097cm" fo:border-left="0.002cm solid #000000" fo:border-right="none" fo:border-top="0.002cm solid #000000" fo:border-bottom="0.002cm solid #000000"><style:background-image/></style:properties></style:style><style:style style:name="表格10.B1" style:family="table-cell"><style:properties fo:vertical-align="middle" fo:background-color="transparent" fo:padding="0.097cm" fo:border-left="0.002cm solid #000000" fo:border-right="none" fo:border-top="0.002cm solid #000000" fo:border-bottom="0.002cm solid #000000"><style:background-image/></style:properties></style:style><style:style style:name="表格10.D1" style:family="table-cell"><style:properties fo:vertical-align="middle" fo:background-color="transparent" fo:padding="0.097cm" fo:border="0.002cm solid #000000"><style:background-image/></style:properties></style:style><style:style style:name="表格10.A2" style:family="table-cell"><style:properties fo:vertical-align="middle" fo:background-color="#ffffcc" fo:padding="0.097cm" fo:border-left="0.002cm solid #000000" fo:border-right="none" fo:border-top="none" fo:border-bottom="0.002cm solid #000000"><style:background-image/></style:properties></style:style><style:style style:name="表格10.B2" style:family="table-cell"><style:properties fo:vertical-align="middle" fo:background-color="transparent" fo:padding="0.097cm" fo:border-left="0.002cm solid #000000" fo:border-right="none" fo:border-top="none" fo:border-bottom="0.002cm solid #000000"><style:background-image/></style:properties></style:style><style:style style:name="表格10.D2" style:family="table-cell"><style:properties fo:vertical-align="middle" fo:background-color="transparent" fo:padding="0.097cm" fo:border-left="0.002cm solid #000000" fo:border-right="0.002cm solid #000000" fo:border-top="none" fo:border-bottom="0.002cm solid #000000"><style:background-image/></style:properties></style:style><style:style style:name="表格11" style:family="table"><style:properties style:width="18.501cm" style:rel-width="100%" table:align="left"/></style:style><style:style style:name="表格11.A" style:family="table-column"><style:properties style:column-width="0.963cm" style:rel-column-width="546*"/></style:style><style:style style:name="表格11.B" style:family="table-column"><style:properties style:column-width="4.135cm" style:rel-column-width="2344*"/></style:style><style:style style:name="表格11.C" style:family="table-column"><style:properties style:column-width="3.468cm" style:rel-column-width="1966*"/></style:style><style:style style:name="表格11.D" style:family="table-column"><style:properties style:column-width="9.936cm" style:rel-column-width="5633*"/></style:style><style:style style:name="表格11.A1" style:family="table-cell"><style:properties fo:vertical-align="middle" fo:background-color="#ffffcc" fo:padding="0.097cm" fo:border-left="0.002cm solid #000000" fo:border-right="none" fo:border-top="0.002cm solid #000000" fo:border-bottom="0.002cm solid #000000"><style:background-image/></style:properties></style:style><style:style style:name="表格11.D1" style:family="table-cell"><style:properties fo:vertical-align="middle" fo:background-color="#ffffcc" fo:padding="0.097cm" fo:border="0.002cm solid #000000"><style:background-image/></style:properties></style:style><style:style style:name="表格11.A2" style:family="table-cell" style:data-style-name="N0"><style:properties fo:vertical-align="middle" fo:background-color="transparent" fo:padding="0.097cm" fo:border-left="0.002cm solid #000000" fo:border-right="none" fo:border-top="none" fo:border-bottom="0.002cm solid #000000"><style:background-image/></style:properties></style:style><style:style style:name="表格11.B2" style:family="table-cell"><style:properties fo:vertical-align="middle" fo:background-color="transparent" fo:padding="0.097cm" fo:border-left="0.002cm solid #000000" fo:border-right="none" fo:border-top="none" fo:border-bottom="0.002cm solid #000000"><style:background-image/></style:properties></style:style><style:style style:name="表格11.D2" style:family="table-cell"><style:properties fo:vertical-align="middle" fo:background-color="transparent" fo:padding="0.097cm" fo:border-left="0.002cm solid #000000" fo:border-right="0.002cm solid #000000" fo:border-top="none" fo:border-bottom="0.002cm solid #000000"><style:background-image/></style:properties></style:style><style:style style:name="表格1" style:family="table" style:master-page-name=""><style:properties style:width="18.501cm" style:rel-width="100%" style:page-number="0" table:align="left"/></style:style><style:style style:name="表格1.A" style:family="table-column"><style:properties style:column-width="3.514cm" style:rel-column-width="1992*"/></style:style><style:style style:name="表格1.B" style:family="table-column"><style:properties style:column-width="14.988cm" style:rel-column-width="8497*"/></style:style><style:style style:name="表格1.A1" style:family="table-cell"><style:properties fo:vertical-align="middle" fo:background-color="#ffffcc" fo:padding="0.097cm" fo:border-left="0.035cm solid #000000" fo:border-right="none" fo:border-top="0.035cm solid #000000" fo:border-bottom="0.035cm solid #000000"><style:background-image/></style:properties></style:style><style:style style:name="表格1.B1" style:family="table-cell"><style:properties fo:vertical-align="middle" fo:background-color="transparent" fo:padding="0.097cm" fo:border="0.035cm solid #000000"><style:background-image/></style:properties></style:style><style:style style:name="表格1.A2" style:family="table-cell"><style:properties fo:vertical-align="middle" fo:background-color="#ffffcc" fo:padding="0.097cm" fo:border-left="0.035cm solid #000000" fo:border-right="none" fo:border-top="none" fo:border-bottom="0.035cm solid #000000"><style:background-image/></style:properties></style:style><style:style style:name="表格1.B2" style:family="table-cell"><style:properties fo:vertical-align="middle" fo:background-color="transparent" fo:padding="0.097cm" fo:border-left="0.035cm solid #000000" fo:border-right="0.035cm solid #000000" fo:border-top="none" fo:border-bottom="0.035cm solid #000000"><style:background-image/></style:properties></style:style><style:style style:name="P1" style:family="paragraph" style:parent-style-name="Table Contents"><style:properties fo:margin-top="0cm" fo:margin-bottom="0cm" style:font-name="標楷體" fo:font-size="14pt" style:font-name-asian="標楷體" style:font-size-asian="14pt" style:font-size-complex="14pt" fo:text-align="center" style:justify-single-word="false"/></style:style><style:style style:name="P2" style:family="paragraph" style:parent-style-name="Table Contents"><style:properties fo:margin-top="0cm" fo:margin-bottom="0cm" style:font-name="標楷體" fo:font-size="16pt" style:font-name-asian="標楷體" style:font-size-asian="16pt" style:font-size-complex="16pt" fo:text-align="center" style:justify-single-word="false"/></style:style><style:style style:name="P3" style:family="paragraph" style:parent-style-name="Text body"><style:properties fo:margin-left="0.721cm" fo:margin-right="0cm" style:font-name="新細明體" fo:font-size="10pt" style:font-name-asian="新細明體" style:font-size-asian="10pt" style:font-size-complex="10pt" fo:text-indent="0cm" style:auto-text-indent="false"/></style:style><style:style style:name="P4" style:family="paragraph" style:parent-style-name="Table Contents"><style:properties fo:font-size="12pt" style:font-name-asian="標楷體" style:font-size-asian="12pt" style:font-size-complex="12pt" fo:text-align="center" style:justify-single-word="false"/></style:style><style:style style:name="P5" style:family="paragraph" style:parent-style-name="Text body"><style:properties fo:margin-left="0.192cm" fo:margin-right="0cm" style:font-name="新細明體" fo:font-size="10pt" style:font-name-asian="新細明體" style:font-size-asian="10pt" style:font-size-complex="10pt" fo:text-align="start" style:justify-single-word="false" fo:text-indent="0cm" style:auto-text-indent="false"/></style:style><style:style style:name="P6" style:family="paragraph" style:parent-style-name="Text body" style:list-style-name="L1"><style:properties fo:margin-left="0.529cm" fo:margin-right="0cm" fo:margin-top="0cm" fo:margin-bottom="0cm" style:font-name="新細明體" fo:font-size="10pt" style:font-name-asian="新細明體" style:font-size-asian="10pt" style:font-size-complex="10pt" fo:text-align="start" style:justify-single-word="false" fo:text-indent="0cm" style:auto-text-indent="false"/></style:style><style:style style:name="P7" style:family="paragraph" style:parent-style-name="Text body" style:list-style-name="L1"><style:properties fo:margin-left="0.529cm" fo:margin-right="0cm" fo:margin-top="0cm" fo:margin-bottom="0cm" fo:font-size="10pt" style:font-size-asian="10pt" style:font-size-complex="10pt" fo:text-align="start" style:justify-single-word="false" fo:text-indent="0cm" style:auto-text-indent="false"/></style:style><style:style style:name="P8" style:family="paragraph" style:parent-style-name="Text body"><style:properties fo:margin-left="0.721cm" fo:margin-right="0cm" style:font-name="新細明體" fo:font-size="10pt" style:font-name-asian="新細明體" style:font-size-asian="10pt" style:font-size-complex="10pt" fo:text-align="start" style:justify-single-word="false" fo:text-indent="0cm" style:auto-text-indent="false" fo:background-color="transparent" style:vertical-align="top"><style:background-image/></style:properties></style:style><style:style style:name="P9" style:family="paragraph" style:parent-style-name="Text body"><style:properties fo:margin-left="0.432cm" fo:margin-right="0cm" style:font-name="新細明體" fo:font-size="12pt" style:font-name-asian="標楷體" style:font-size-asian="12pt" style:font-size-complex="12pt" fo:text-align="start" style:justify-single-word="false" fo:text-indent="0cm" style:auto-text-indent="false" fo:background-color="transparent" style:vertical-align="top"><style:background-image/></style:properties></style:style><style:style style:name="P10" style:family="paragraph" style:parent-style-name="Text body"><style:properties fo:margin-left="0.721cm" fo:margin-right="0cm" style:font-name="標楷體" fo:font-size="12pt" style:font-name-asian="標楷體" style:font-size-asian="12pt" style:font-size-complex="12pt" fo:text-align="start" style:justify-single-word="false" fo:text-indent="0cm" style:auto-text-indent="false" fo:background-color="transparent" style:vertical-align="top"><style:background-image/></style:properties></style:style><style:style style:name="P11" style:family="paragraph" style:parent-style-name="Text body"><style:properties fo:margin-left="0.721cm" fo:margin-right="0.504cm" style:font-name="新細明體" fo:text-align="end" style:justify-single-word="false" fo:text-indent="0cm" style:auto-text-indent="false" fo:background-color="transparent" style:vertical-align="top"><style:background-image/></style:properties></style:style><style:style style:name="P12" style:family="paragraph" style:parent-style-name="Text body"><style:properties fo:margin-left="0.192cm" fo:margin-right="0cm" fo:text-align="center" style:justify-single-word="false" fo:text-indent="0cm" style:auto-text-indent="false"/></style:style><style:style style:name="P13" style:family="paragraph" style:parent-style-name="Text body"><style:properties fo:margin-left="0.192cm" fo:margin-right="0cm" style:font-name="新細明體" fo:font-size="12pt" style:font-name-asian="新細明體" style:font-size-asian="12pt" style:font-size-complex="12pt" fo:text-align="start" style:justify-single-word="false" fo:text-indent="0cm" style:auto-text-indent="false"/></style:style><style:style style:name="P14" style:family="paragraph" style:parent-style-name="Text body"><style:properties fo:margin-left="0.192cm" fo:margin-right="0cm" style:font-name="新細明體" fo:font-size="16pt" style:font-name-asian="標楷體" style:font-size-asian="16pt" style:font-size-complex="16pt" fo:text-align="center" style:justify-single-word="false" fo:text-indent="0cm" style:auto-text-indent="false"/></style:style><style:style style:name="P15" style:family="paragraph" style:parent-style-name="Text body"><style:properties fo:margin-left="0.192cm" fo:margin-right="0cm" fo:margin-top="0cm" fo:margin-bottom="0cm" style:font-name="新細明體" fo:font-size="12pt" style:font-name-asian="新細明體" style:font-size-asian="12pt" style:font-size-complex="12pt" fo:text-align="start" style:justify-single-word="false" fo:text-indent="0cm" style:auto-text-indent="false"/></style:style><style:style style:name="P16" style:family="paragraph" style:parent-style-name="Text body"><style:properties fo:margin-left="0.192cm" fo:margin-right="0cm" fo:margin-top="0cm" fo:margin-bottom="0cm" style:font-name="新細明體" fo:font-size="12pt" style:font-name-asian="標楷體" style:font-size-asian="12pt" style:font-size-complex="12pt" fo:text-align="start" style:justify-single-word="false" fo:text-indent="0cm" style:auto-text-indent="false"/></style:style><style:style style:name="P17" style:family="paragraph" style:parent-style-name="Text body"><style:properties fo:margin-top="0cm" fo:margin-bottom="0cm" fo:font-size="2pt" style:font-size-asian="2pt" style:font-size-complex="2pt" fo:text-align="center" style:justify-single-word="false"/></style:style><style:style style:name="P18" style:family="paragraph" style:parent-style-name="Text body"><style:properties fo:margin-left="0.721cm" fo:margin-right="0.504cm" fo:margin-top="0cm" fo:margin-bottom="0cm" style:font-name="新細明體" fo:font-size="10pt" style:font-name-asian="標楷體" style:font-size-asian="10pt" style:font-size-complex="10pt" fo:text-align="end" style:justify-single-word="false" fo:text-indent="0cm" style:auto-text-indent="false" fo:background-color="transparent" style:vertical-align="top"><style:background-image/></style:properties></style:style><style:style style:name="P19" style:family="paragraph" style:parent-style-name="Table Contents"><style:properties fo:margin-top="0cm" fo:margin-bottom="0cm" fo:font-size="14pt" style:font-name-asian="標楷體" style:font-size-asian="14pt" style:font-size-complex="14pt" fo:text-align="center" style:justify-single-word="false"/></style:style><style:style style:name="P20" style:family="paragraph" style:parent-style-name="Table Contents"><style:properties fo:margin-top="0cm" fo:margin-bottom="0cm" style:font-name="Cataneo BT" fo:font-size="10pt" style:font-name-asian="標楷體" style:font-size-asian="10pt" style:font-size-complex="10pt" fo:text-align="center" style:justify-single-word="false" fo:background-color="transparent" style:vertical-align="bottom"><style:background-image/></style:properties></style:style><style:style style:name="P21" style:family="paragraph" style:parent-style-name="Table Contents"><style:properties fo:margin-top="0cm" fo:margin-bottom="0cm" style:font-name="標楷體" fo:font-size="9pt" style:font-name-asian="標楷體" style:font-size-asian="9pt" style:font-size-complex="9pt" fo:text-align="center" style:justify-single-word="false" fo:background-color="transparent" style:vertical-align="bottom"><style:background-image/></style:properties></style:style><style:style style:name="P22" style:family="paragraph" style:parent-style-name="Table Contents"><style:properties fo:margin-left="0.288cm" fo:margin-right="0cm" fo:font-size="12pt" style:font-name-asian="標楷體" style:font-size-asian="12pt" style:font-size-complex="12pt" fo:text-align="start" style:justify-single-word="false" fo:text-indent="0cm" style:auto-text-indent="false"/></style:style><style:style style:name="P23" style:family="paragraph" style:parent-style-name="Standard"><style:properties fo:font-size="2pt" style:font-size-asian="2pt" style:font-size-complex="2pt"/></style:style><style:style style:name="P24" style:family="paragraph" style:parent-style-name="Table Contents"><style:properties style:font-name="標楷體" fo:font-size="12pt" style:font-name-asian="標楷體" style:font-size-asian="12pt" style:font-size-complex="12pt" fo:text-align="center" style:justify-single-word="false"/></style:style><style:style style:name="P25" style:family="paragraph" style:parent-style-name="Table Contents"><style:properties fo:margin-left="0.215cm" fo:margin-right="0cm" style:font-name="標楷體" fo:font-size="12pt" style:font-name-asian="標楷體" style:font-size-asian="12pt" style:font-size-complex="12pt" fo:text-align="start" style:justify-single-word="false" fo:text-indent="0cm" style:auto-text-indent="false"/></style:style><style:style style:name="P26" style:family="paragraph" style:parent-style-name="Table Contents"><style:properties fo:margin-left="0.143cm" fo:margin-right="0cm" style:font-name="標楷體" fo:font-size="10pt" style:font-name-asian="標楷體" style:font-size-asian="10pt" style:font-size-complex="10pt" fo:text-align="start" style:justify-single-word="false" fo:text-indent="0cm" style:auto-text-indent="false"/></style:style><style:style style:name="P27" style:family="paragraph" style:parent-style-name="Table Contents"><style:properties fo:margin-left="0.143cm" fo:margin-right="0cm" fo:font-size="10pt" style:font-size-asian="10pt" style:font-size-complex="10pt" fo:text-align="start" style:justify-single-word="false" fo:text-indent="0cm" style:auto-text-indent="false"/></style:style><style:style style:name="P28" style:family="paragraph" style:parent-style-name="Table Contents"><style:properties style:font-name="標楷體" fo:font-size="14pt" fo:font-weight="bold" style:font-name-asian="標楷體" style:font-size-asian="14pt" style:font-weight-asian="bold" style:font-size-complex="14pt" style:font-weight-complex="bold" fo:text-align="center" style:justify-single-word="false"/></style:style><style:style style:name="P29" style:family="paragraph" style:parent-style-name="Table Contents"><style:properties fo:margin-left="0.143cm" fo:margin-right="0cm" fo:text-align="start" style:justify-single-word="false" fo:text-indent="0cm" style:auto-text-indent="false"/></style:style><style:style style:name="P30" style:family="paragraph" style:parent-style-name="Standard"><style:properties fo:font-size="10pt" style:font-name-asian="標楷體" style:font-size-asian="10pt" style:font-size-complex="10pt"/></style:style><style:style style:name="P31" style:family="paragraph" style:parent-style-name="Standard"><style:properties fo:font-size="12pt" style:font-name-asian="標楷體" style:font-size-asian="12pt" style:font-size-complex="12pt" fo:text-align="center" style:justify-single-word="false"/></style:style><style:style style:name="P32" style:family="paragraph" style:parent-style-name="Table Heading"><style:properties style:font-name-asian="標楷體"/></style:style><style:style style:name="P33" style:family="paragraph" style:parent-style-name="Table Contents"><style:properties fo:text-align="center" style:justify-single-word="false"/></style:style><style:style style:name="P34" style:family="paragraph" style:parent-style-name="Standard"><style:properties fo:margin-left="0cm" fo:margin-right="0.265cm" fo:font-size="10pt" style:font-name-asian="標楷體" style:font-size-asian="10pt" style:font-size-complex="10pt" fo:text-align="center" style:justify-single-word="false" fo:text-indent="0cm" style:auto-text-indent="false"/></style:style><style:style style:name="P35" style:family="paragraph" style:parent-style-name="Standard"><style:properties fo:margin-left="0.143cm" fo:margin-right="0cm" fo:font-size="12pt" style:font-name-asian="標楷體" style:font-size-asian="12pt" style:font-size-complex="12pt" fo:text-indent="0cm" style:auto-text-indent="false"/></style:style><style:style style:name="P36" style:family="paragraph" style:parent-style-name="Table Contents"><style:properties style:font-name="標楷體" fo:font-size="12pt" fo:font-weight="normal" style:font-name-asian="標楷體" style:font-size-asian="12pt" style:font-weight-asian="normal" style:font-size-complex="12pt" style:font-weight-complex="normal" fo:text-align="center" style:justify-single-word="false"/></style:style><style:style style:name="P37" style:family="paragraph" style:parent-style-name="Table Contents"><style:properties fo:font-size="12pt" style:font-size-asian="12pt" style:font-size-complex="12pt"/></style:style><style:style style:name="P38" style:family="paragraph" style:parent-style-name="Standard"><style:properties fo:margin-left="0cm" fo:margin-right="0.265cm" fo:font-size="10pt" style:font-name-asian="標楷體" style:font-size-asian="10pt" style:font-size-complex="10pt" fo:text-align="end" style:justify-single-word="false" fo:text-indent="0cm" style:auto-text-indent="false"/></style:style><style:style style:name="P39" style:family="paragraph" style:parent-style-name="Standard"><style:properties fo:margin-left="0.143cm" fo:margin-right="0cm" style:font-name="標楷體" fo:font-size="12pt" style:font-name-asian="標楷體" style:font-size-asian="12pt" style:font-size-complex="12pt" fo:text-indent="0cm" style:auto-text-indent="false"/></style:style><style:style style:name="P40" style:family="paragraph" style:parent-style-name="Table Contents"><style:properties style:font-name="標楷體" fo:font-size="12pt" style:font-size-asian="12pt" style:font-size-complex="12pt" fo:text-align="center" style:justify-single-word="false"/></style:style><style:style style:name="P41" style:family="paragraph" style:parent-style-name="Standard"><style:properties fo:font-size="12pt" style:font-name-asian="標楷體" style:font-size-asian="12pt" style:font-size-complex="12pt"/></style:style><style:style style:name="P42" style:family="paragraph" style:parent-style-name="Standard"><style:properties fo:font-size="12pt" style:font-size-asian="12pt" style:font-size-complex="12pt"/></style:style><style:style style:name="P43" style:family="paragraph" style:parent-style-name="Standard"><style:properties style:font-name="標楷體" fo:font-size="2pt" style:font-name-asian="標楷體" style:font-size-asian="2pt" style:font-size-complex="2pt" fo:break-before="page"/></style:style><style:style style:name="P44" style:family="paragraph" style:parent-style-name="Table Contents"><style:properties fo:margin-left="0.24cm" fo:margin-right="0cm" fo:font-size="12pt" style:font-name-asian="標楷體" style:font-size-asian="12pt" style:font-size-complex="12pt" fo:text-align="start" style:justify-single-word="false" fo:text-indent="0cm" style:auto-text-indent="false"/></style:style><style:style style:name="P45" style:family="paragraph" style:parent-style-name="Standard"><style:properties fo:margin-left="10.873cm" fo:margin-right="0cm" fo:font-size="10pt" style:font-name-asian="標楷體" style:font-size-asian="12pt" style:font-size-complex="10pt" fo:text-indent="0cm" style:auto-text-indent="false"/></style:style><style:style style:name="P46" style:family="paragraph" style:parent-style-name="Standard"><style:properties fo:margin-left="7.865cm" fo:margin-right="0cm" fo:font-size="10pt" style:font-name-asian="標楷體" style:font-size-asian="12pt" style:font-size-complex="10pt" fo:text-indent="0cm" style:auto-text-indent="false"/></style:style><style:style style:name="P47" style:family="paragraph" style:parent-style-name="Standard"><style:properties fo:font-size="10pt" style:font-name-asian="標楷體" style:font-size-asian="12pt" style:font-size-complex="10pt"/></style:style><style:style style:name="P48" style:family="paragraph" style:parent-style-name="Table Contents"><style:properties fo:margin-top="0cm" fo:margin-bottom="0cm" style:font-name="標楷體" fo:font-size="18pt" style:font-name-asian="標楷體" style:font-size-asian="18pt" style:font-size-complex="18pt" fo:text-align="center" style:justify-single-word="false"/></style:style><style:style style:name="P49" style:family="paragraph" style:parent-style-name="Table Contents"><style:properties fo:margin-top="0cm" fo:margin-bottom="0cm" style:font-name="標楷體" fo:font-size="18pt" style:font-name-asian="標楷體" style:font-size-asian="18pt" style:font-size-complex="18pt" fo:text-align="start" style:justify-single-word="false"/></style:style><style:style style:name="P50" style:family="paragraph" style:parent-style-name="Table Contents"><style:properties fo:font-size="16pt" style:font-name-asian="標楷體" style:font-size-asian="16pt" style:font-size-complex="16pt" fo:text-align="center" style:justify-single-word="false"/></style:style><style:style style:name="P51" style:family="paragraph" style:parent-style-name="Table Contents"><style:properties fo:margin-left="0.312cm" fo:margin-right="0cm" style:font-name="標楷體" fo:font-size="16pt" style:font-name-asian="標楷體" style:font-size-asian="16pt" style:font-size-complex="16pt" fo:text-align="start" style:justify-single-word="false" fo:text-indent="0cm" style:auto-text-indent="false"/></style:style><style:style style:name="P52" style:family="paragraph" style:parent-style-name="Table Contents"><style:properties fo:margin-left="0.312cm" fo:margin-right="0cm" fo:margin-top="0cm" fo:margin-bottom="0cm" style:font-name="標楷體" fo:font-size="16pt" style:font-name-asian="標楷體" style:font-size-asian="16pt" style:font-size-complex="16pt" fo:text-align="start" style:justify-single-word="false" fo:text-indent="0cm" style:auto-text-indent="false"/></style:style><style:style style:name="P53" style:family="paragraph" style:parent-style-name="Text body"><style:properties fo:margin-left="0.192cm" fo:margin-right="0cm" fo:text-align="start" style:justify-single-word="false" fo:text-indent="0cm" style:auto-text-indent="false"/></style:style><style:style style:name="P54" style:family="paragraph" style:parent-style-name="Text body"><style:properties fo:margin-left="0.192cm" fo:margin-right="0cm" style:font-name="新細明體" fo:font-size="14pt" style:font-name-asian="標楷體" style:font-size-asian="14pt" style:font-size-complex="14pt" fo:text-align="start" style:justify-single-word="false" fo:text-indent="0cm" style:auto-text-indent="false"/></style:style><style:style style:name="T1" style:family="text"><style:properties style:font-name="新細明體" style:font-name-asian="新細明體"/></style:style><style:style style:name="T2" style:family="text"><style:properties fo:font-size="10pt" style:font-size-asian="10pt" style:font-size-complex="10pt"/></style:style><style:style style:name="T3" style:family="text"><style:properties style:font-name="新細明體" fo:font-size="12pt" style:font-name-asian="標楷體" style:font-size-asian="12pt" style:font-size-complex="12pt"/></style:style><style:style style:name="T4" style:family="text"><style:properties fo:font-size="12pt" style:font-name-asian="標楷體" style:font-size-asian="12pt" style:font-size-complex="12pt"/></style:style><style:style style:name="T5" style:family="text"><style:properties style:font-name="標楷體"/></style:style><style:style style:name="T6" style:family="text"><style:properties style:font-name="標楷體" fo:font-size="12pt" style:font-size-asian="12pt" style:font-size-complex="12pt"/></style:style><style:style style:name="T7" style:family="text"><style:properties style:font-name="標楷體" style:font-name-asian="標楷體"/></style:style><style:style style:name="T8" style:family="text"><style:properties style:text-position="super 58%"/></style:style><style:style style:name="T9" style:family="text"><style:properties fo:font-size="8pt" fo:font-style="italic" style:font-size-asian="8pt" style:font-style-asian="italic" style:font-size-complex="8pt" style:font-style-complex="italic"/></style:style><style:style style:name="T10" style:family="text"><style:properties style:font-size-asian="12pt"/></style:style><style:style style:name="T11" style:family="text"><style:properties style:font-name="標楷體" fo:font-size="14pt" style:font-size-asian="14pt" style:font-size-complex="14pt"/></style:style><style:style style:name="T12" style:family="text"><style:properties style:font-name-asian="標楷體"/></style:style><style:style style:name="T13" style:family="text"><style:properties fo:font-size="10pt" style:font-name-asian="標楷體" style:font-size-asian="10pt" style:font-size-complex="10pt"/></style:style><style:style style:name="T14" style:family="text"><style:properties fo:font-size="10pt" style:font-name-asian="標楷體" style:font-size-asian="12pt" style:font-size-complex="10pt"/></style:style><style:style style:name="T15" style:family="text"><style:properties style:font-name="標楷體" fo:font-size="10pt" style:font-name-asian="標楷體" style:font-size-asian="10pt" style:font-size-complex="10pt"/></style:style><style:style style:name="T16" style:family="text"><style:properties style:font-size-asian="10pt"/></style:style><style:style style:name="T17" style:family="text"><style:properties style:font-name="新細明體" fo:font-size="16pt" style:font-name-asian="標楷體" style:font-size-asian="16pt" style:font-size-complex="16pt"/></style:style><style:style style:name="T18" style:family="text"><style:properties style:font-name="新細明體" fo:font-size="14pt" style:font-name-asian="標楷體" style:font-size-asian="14pt" style:font-size-complex="14pt"/></style:style><text:list-style style:name="L1"><text:list-level-style-bullet text:level="1" text:style-name="Bullet Symbols" style:num-suffix="." text:bullet-char="➢"><style:properties text:min-label-width="0.499cm" style:font-name="StarSymbol"/></text:list-level-style-bullet><text:list-level-style-bullet text:level="2" text:style-name="Bullet Symbols" style:num-suffix="." text:bullet-char="➢"><style:properties text:space-before="0.501cm" text:min-label-width="0.499cm" style:font-name="StarSymbol"/></text:list-level-style-bullet><text:list-level-style-bullet text:level="3" text:style-name="Bullet Symbols" style:num-suffix="." text:bullet-char="➢"><style:properties text:space-before="1cm" text:min-label-width="0.499cm" style:font-name="StarSymbol"/></text:list-level-style-bullet><text:list-level-style-bullet text:level="4" text:style-name="Bullet Symbols" style:num-suffix="." text:bullet-char="➢"><style:properties text:space-before="1.501cm" text:min-label-width="0.499cm" style:font-name="StarSymbol"/></text:list-level-style-bullet><text:list-level-style-bullet text:level="5" text:style-name="Bullet Symbols" style:num-suffix="." text:bullet-char="➢"><style:properties text:space-before="2cm" text:min-label-width="0.499cm" style:font-name="StarSymbol"/></text:list-level-style-bullet><text:list-level-style-bullet text:level="6" text:style-name="Bullet Symbols" style:num-suffix="." text:bullet-char="➢"><style:properties text:space-before="2.501cm" text:min-label-width="0.499cm" style:font-name="StarSymbol"/></text:list-level-style-bullet><text:list-level-style-bullet text:level="7" text:style-name="Bullet Symbols" style:num-suffix="." text:bullet-char="➢"><style:properties text:space-before="3.001cm" text:min-label-width="0.499cm" style:font-name="StarSymbol"/></text:list-level-style-bullet><text:list-level-style-bullet text:level="8" text:style-name="Bullet Symbols" style:num-suffix="." text:bullet-char="➢"><style:properties text:space-before="3.502cm" text:min-label-width="0.499cm" style:font-name="StarSymbol"/></text:list-level-style-bullet><text:list-level-style-bullet text:level="9" text:style-name="Bullet Symbols" style:num-suffix="." text:bullet-char="➢"><style:properties text:space-before="4.001cm" text:min-label-width="0.499cm" style:font-name="StarSymbol"/></text:list-level-style-bullet><text:list-level-style-bullet text:level="10" text:style-name="Bullet Symbols" style:num-suffix="." text:bullet-char="➢"><style:properties text:space-before="4.502cm" text:min-label-width="0.499cm" style:font-name="StarSymbol"/></text:list-level-style-bullet></text:list-style><number:number-style style:name="N0" style:family="data-style"><number:number number:min-integer-digits="1"/></number:number-style></office:automatic-styles><office:body><office:forms form:automatic-focus="false" form:apply-design-mode="false"><form:form form:name="fieldsForm" form:method="post" form:service-name="com.sun.star.form.component.Form" office:target-frame="" xlink:href="http://localhost/phpmyadmin_old/tbl_properties_structure.php"><form:properties><form:property form:property-name="MaxRows" form:property-type="int"><form:property-value>0</form:property-value></form:property><form:property form:property-name="URL" form:property-type="string"><form:property-value/></form:property><form:property form:property-name="UpdateCatalogName" form:property-type="string"><form:property-value/></form:property><form:property form:property-name="UpdateSchemaName" form:property-type="string"><form:property-value/></form:property><form:property form:property-name="UpdateTableName" form:property-type="string"><form:property-value/></form:property></form:properties></form:form></office:forms><text:sequence-decls><text:sequence-decl text:display-outline-level="0" text:name="Illustration"/><text:sequence-decl text:display-outline-level="0" text:name="Table"/><text:sequence-decl text:display-outline-level="0" text:name="Text"/><text:sequence-decl text:display-outline-level="0" text:name="Drawing"/></text:sequence-decls><text:p text:style-name="P1"/><text:p text:style-name="P2">※ {school}場所開放使用申請表 ※</text:p><text:p text:style-name="P3"/><text:p text:style-name="P3">茲向　貴校申請[{rent_place}]開放使用， 相關申請資訊據實填列如下：</text:p><table:table table:name="表格4" table:style-name="表格4"><table:table-column table:style-name="表格4.A"/><table:table-column table:style-name="表格4.B"/><table:table-column table:style-name="表格4.C"/><table:table-column table:style-name="表格4.D"/><table:table-column table:style-name="表格4.E"/><table:table-row><table:table-cell table:style-name="表格4.A1" table:value-type="string"><text:p text:style-name="P4">申請單位</text:p></table:table-cell><table:table-cell table:style-name="表格4.B1" table:value-type="string"><text:p text:style-name="P4">{borrower}</text:p></table:table-cell><table:table-cell table:style-name="表格4.A1" table:value-type="string"><text:p text:style-name="P4">借用日期</text:p></table:table-cell><table:table-cell table:style-name="表格4.D1" table:number-columns-spanned="2" table:value-type="string"><text:p text:style-name="P4">{rent_date}</text:p></table:table-cell><table:covered-table-cell/></table:table-row><table:table-row><table:table-cell table:style-name="表格4.A2" table:value-type="string"><text:p text:style-name="P4">統一編號</text:p></table:table-cell><table:table-cell table:style-name="表格4.B2" table:value-type="string"><text:p text:style-name="P4"/></table:table-cell><table:table-cell table:style-name="表格4.A2" table:value-type="string"><text:p text:style-name="P4">使用時段</text:p></table:table-cell><table:table-cell table:style-name="表格4.D2" table:number-columns-spanned="2" table:value-type="string"><text:p text:style-name="P4">{time_section}</text:p></table:table-cell><table:covered-table-cell/></table:table-row><table:table-row><table:table-cell table:style-name="表格4.A2" table:value-type="string"><text:p text:style-name="P4">聯絡電話</text:p></table:table-cell><table:table-cell table:style-name="表格4.B2" table:value-type="string"><text:p text:style-name="P4">{contact}</text:p></table:table-cell><table:table-cell table:style-name="表格4.A2" table:value-type="string"><text:p text:style-name="P4">用　　途</text:p></table:table-cell><table:table-cell table:style-name="表格4.D2" table:number-columns-spanned="2" table:value-type="string"><text:p text:style-name="P4">{purpose}</text:p></table:table-cell><table:covered-table-cell/></table:table-row><table:table-row><table:table-cell table:style-name="表格4.D1" table:number-columns-spanned="5" table:value-type="string"><text:p text:style-name="P5">※附記說明：</text:p><text:unordered-list text:style-name="L1"><text:list-item><text:p text:style-name="P6">本申請事項係遵台中縣政府頒定：台中縣各國民中小學場所開放管理辦法辦理。</text:p></text:list-item><text:list-item><text:p text:style-name="P7"><text:span text:style-name="T1">本申請表請於使用前一星期送本校審查同意</text:span>，並乙次繳清所有費用<text:span text:style-name="T1">。</text:span></text:p></text:list-item><text:list-item><text:p text:style-name="P7"><text:span text:style-name="T1">借用人使用後</text:span>，應立即清潔恢復原狀(所有垃圾清理、 地板刷洗乾淨) ，俟恢復原狀後會同本校警衛人員檢視有無毀損或短少。 </text:p></text:list-item><text:list-item><text:p text:style-name="P7">如有物品毀損、短少，或未能於隔日上午7時30分前完成清潔工作，則保證金沒收，物品毀損短少之責任依相關法規辦理。</text:p></text:list-item><text:list-item><text:p text:style-name="P7">經學校人員查核無上述違反約定事項，請於隔日上班時間內，持收據到校退還保證金。</text:p></text:list-item><text:list-item><text:p text:style-name="P7">請勿在校內燃放鞭炮、煙火等物品；且不可有違反善良風俗之活動！如不遵守，學校將立即斷電並中止借用，所有費用概不退還。 衍生之法律責任，由使用人自負，與學校無關。</text:p></text:list-item></text:unordered-list></table:table-cell><table:covered-table-cell/><table:covered-table-cell/><table:covered-table-cell/><table:covered-table-cell/></table:table-row><table:table-row><table:table-cell table:style-name="表格4.B2" table:number-columns-spanned="4" table:value-type="string"><text:p text:style-name="P8"/><text:p text:style-name="P9">申請人使用之責任業已知悉並認可，敬請學校能予以同意使用。</text:p><text:p text:style-name="P8"/><text:p text:style-name="P10">申　請　人：　　　　　　　　　　　　<text:span text:style-name="T2">(簽章)</text:span></text:p><text:p text:style-name="P10">身分證字號：</text:p><text:p text:style-name="P10">住　　　址：</text:p><text:p text:style-name="P11"/></table:table-cell><table:covered-table-cell/><table:covered-table-cell/><table:covered-table-cell/><table:table-cell><table:sub-table><table:table-column table:style-name="表格4.E"/><table:table-row><table:table-cell table:style-name="表格4.E5.1.1" table:value-type="string"><text:p text:style-name="P12"><text:span text:style-name="T3">※ 學校審核　</text:span><text:span text:style-name="T4">※</text:span> </text:p></table:table-cell></table:table-row><table:table-row><table:table-cell table:style-name="表格4.E5.1.2" table:value-type="string"><text:p text:style-name="P13"/><text:p text:style-name="P14">□同意　□不同意</text:p><text:p text:style-name="P15"/><text:p text:style-name="P15"/><text:p text:style-name="P16">審核人員：</text:p></table:table-cell></table:table-row></table:sub-table></table:table-cell></table:table-row></table:table><text:p text:style-name="P17"/><text:p text:style-name="P18">{now}</text:p><table:table table:name="表格8" table:style-name="表格8"><table:table-column table:style-name="表格8.A"/><table:table-column table:style-name="表格8.B"/><table:table-header-rows><table:table-row><table:table-cell table:style-name="表格8.A1" table:value-type="string"><text:p text:style-name="P1"/><text:p text:style-name="P1">{school}</text:p><text:p text:style-name="P19"><text:span text:style-name="T5">※ </text:span><text:span text:style-name="T6">{rent_place}</text:span><text:span text:style-name="T5">開放使用費用明細 </text:span>※ </text:p></table:table-cell><table:table-cell table:style-name="表格8.B1" table:value-type="string"><text:p text:style-name="P20">NO. {record_id}</text:p><text:p text:style-name="P21">第一聯　學校收執</text:p></table:table-cell></table:table-row></table:table-header-rows></table:table><table:table table:name="表格7" table:style-name="表格7"><table:table-column table:style-name="表格7.A"/><table:table-column table:style-name="表格7.B"/><table:table-column table:style-name="表格7.C"/><table:table-column table:style-name="表格7.D"/><table:table-row><table:table-cell table:style-name="表格7.A1" table:value-type="string"><text:p text:style-name="P4">申請單位</text:p></table:table-cell><table:table-cell table:style-name="表格7.B1" table:value-type="string"><text:p text:style-name="P4">{borrower}</text:p></table:table-cell><table:table-cell table:style-name="表格7.A1" table:value-type="string"><text:p text:style-name="P4">借用日期</text:p></table:table-cell><table:table-cell table:style-name="表格7.D1" table:value-type="string"><text:p text:style-name="P22">{rent_date}</text:p></table:table-cell></table:table-row><table:table-row><table:table-cell table:style-name="表格7.A2" table:value-type="string"><text:p text:style-name="P4">統一編號</text:p></table:table-cell><table:table-cell table:style-name="表格7.B2" table:value-type="string"><text:p text:style-name="P4"/></table:table-cell><table:table-cell table:style-name="表格7.A2" table:value-type="string"><text:p text:style-name="P4">使用時段</text:p></table:table-cell><table:table-cell table:style-name="表格7.D2" table:value-type="string"><text:p text:style-name="P22">{time_section}</text:p></table:table-cell></table:table-row><table:table-row><table:table-cell table:style-name="表格7.A2" table:value-type="string"><text:p text:style-name="P4">聯絡電話</text:p></table:table-cell><table:table-cell table:style-name="表格7.B2" table:value-type="string"><text:p text:style-name="P4">{contact}</text:p></table:table-cell><table:table-cell table:style-name="表格7.A2" table:value-type="string"><text:p text:style-name="P4">用　　途</text:p></table:table-cell><table:table-cell table:style-name="表格7.D2" table:value-type="string"><text:p text:style-name="P22">{purpose}</text:p></table:table-cell></table:table-row></table:table><text:p text:style-name="P23"/><table:table table:name="表格6" table:style-name="表格6"><table:table-column table:style-name="表格6.A"/><table:table-column table:style-name="表格6.B"/><table:table-column table:style-name="表格6.C"/><table:table-column table:style-name="表格6.D"/><table:table-row><table:table-cell table:style-name="表格6.A1" table:value-type="string"><text:p text:style-name="P24">NO</text:p></table:table-cell><table:table-cell table:style-name="表格6.A1" table:value-type="string"><text:p text:style-name="P24">收費項目</text:p></table:table-cell><table:table-cell table:style-name="表格6.A1" table:value-type="string"><text:p text:style-name="P24">金額</text:p></table:table-cell><table:table-cell table:style-name="表格6.D1" table:value-type="string"><text:p text:style-name="P24">備　　　　　　　註</text:p></table:table-cell></table:table-row><table:table-row><table:table-cell table:style-name="表格6.A2" table:value-type="float" table:value="1"><text:p text:style-name="P24">1</text:p></table:table-cell><table:table-cell table:style-name="表格6.B2" table:value-type="string"><text:p text:style-name="P25">管理維護費</text:p></table:table-cell><table:table-cell table:style-name="表格6.B2" table:value-type="string"><text:p text:style-name="P24">{rent}</text:p></table:table-cell><table:table-cell table:style-name="表格6.D2" table:value-type="string"><text:p text:style-name="P26">全數解繳縣庫</text:p></table:table-cell></table:table-row><table:table-row><table:table-cell table:style-name="表格6.A2" table:value-type="float" table:value="2"><text:p text:style-name="P24">2</text:p></table:table-cell><table:table-cell table:style-name="表格6.B2" table:value-type="string"><text:p text:style-name="P25">水電補貼費</text:p></table:table-cell><table:table-cell table:style-name="表格6.B2" table:value-type="string"><text:p text:style-name="P24">{clean}</text:p></table:table-cell><table:table-cell table:style-name="表格6.D2" table:value-type="string"><text:p text:style-name="P27"><text:span text:style-name="T7">補貼學校水</text:span>、 <text:span text:style-name="T7">電</text:span>、 <text:span text:style-name="T7">行政等支出費用</text:span></text:p></table:table-cell></table:table-row><table:table-row><table:table-cell table:style-name="表格6.A2" table:value-type="float" table:value="3"><text:p text:style-name="P24">3</text:p></table:table-cell><table:table-cell table:style-name="表格6.B2" table:value-type="string"><text:p text:style-name="P25">保證金</text:p></table:table-cell><table:table-cell table:style-name="表格6.B2" table:value-type="string"><text:p text:style-name="P24">{prove}</text:p></table:table-cell><table:table-cell table:style-name="表格6.D2" table:value-type="string"><text:p text:style-name="P27"><text:span text:style-name="T7">活動完畢後</text:span>， <text:span text:style-name="T7">經查各項物品無毀損並已清潔歸位後退還</text:span></text:p></table:table-cell></table:table-row><table:table-row><table:table-cell table:style-name="表格6.B2" table:number-columns-spanned="2" table:value-type="string"><text:p text:style-name="P24">合　　　　計</text:p></table:table-cell><table:covered-table-cell/><table:table-cell table:style-name="表格6.B2" table:value-type="string"><text:p text:style-name="P28"><text:span text:style-name="T8">NT$ </text:span>{total}</text:p></table:table-cell><table:table-cell table:style-name="表格6.D2" table:value-type="string"><text:p text:style-name="P29"><text:span text:style-name="T9">本收費依據台中縣政府(90)府教國字第220495號函辦理</text:span><text:span text:style-name="T10">。</text:span></text:p></table:table-cell></table:table-row></table:table><text:p text:style-name="P30"/><text:p text:style-name="P31">　<text:span text:style-name="T11">※ 收繳款紀錄 ※</text:span></text:p><table:table table:name="表格3" table:style-name="表格3"><table:table-column table:style-name="表格3.A"/><table:table-column table:style-name="表格3.B"/><table:table-column table:style-name="表格3.C"/><table:table-column table:style-name="表格3.D"/><table:table-column table:style-name="表格3.E"/><table:table-header-rows><table:table-row><table:table-cell table:style-name="表格3.A1" table:value-type="string"><text:p text:style-name="Table Heading">NO</text:p></table:table-cell><table:table-cell table:style-name="表格3.A1" table:value-type="string"><text:p text:style-name="P32">日　　期</text:p></table:table-cell><table:table-cell table:style-name="表格3.A1" table:value-type="string"><text:p text:style-name="P32">事　　　　項</text:p></table:table-cell><table:table-cell table:style-name="表格3.A1" table:value-type="string"><text:p text:style-name="P32">金額</text:p></table:table-cell><table:table-cell table:style-name="表格3.E1" table:value-type="string"><text:p text:style-name="P32">收款/經辦 簽章</text:p></table:table-cell></table:table-row></table:table-header-rows><table:table-row><table:table-cell table:style-name="表格3.A2" table:value-type="float" table:value="1"><text:p text:style-name="P33">1</text:p></table:table-cell><table:table-cell table:style-name="表格3.B2" table:value-type="string"><text:p text:style-name="P34">{now}</text:p></table:table-cell><table:table-cell table:style-name="表格3.B2" table:value-type="string"><text:p text:style-name="P35">申請人繳交上述收費項目金額</text:p></table:table-cell><table:table-cell table:style-name="表格3.B2" table:value-type="string"><text:p text:style-name="P36">{total}</text:p></table:table-cell><table:table-cell table:style-name="表格3.E2" table:value-type="string"><text:p text:style-name="P37"/></table:table-cell></table:table-row><table:table-row><table:table-cell table:style-name="表格3.A2" table:value-type="float" table:value="2"><text:p text:style-name="P33">2</text:p></table:table-cell><table:table-cell table:style-name="表格3.B2" table:value-type="string"><text:p text:style-name="P38">　　年　　月　　日</text:p></table:table-cell><table:table-cell table:style-name="表格3.B2" table:value-type="string"><text:p text:style-name="P35">申請人領回保證金並換發正式收據</text:p></table:table-cell><table:table-cell table:style-name="表格3.B2" table:value-type="string"><text:p text:style-name="P24">{prove}</text:p></table:table-cell><table:table-cell table:style-name="表格3.E2" table:value-type="string"><text:p text:style-name="P37"/></table:table-cell></table:table-row><table:table-row><table:table-cell table:style-name="表格3.A2" table:value-type="float" table:value="3"><text:p text:style-name="P33">3</text:p></table:table-cell><table:table-cell table:style-name="表格3.B2" table:value-type="string"><text:p text:style-name="P38">　　年　　月　　日</text:p></table:table-cell><table:table-cell table:style-name="表格3.B2" table:value-type="string"><text:p text:style-name="P39">業務經辦撥交出納存入本校公庫</text:p></table:table-cell><table:table-cell table:style-name="表格3.B2" table:value-type="string"><text:p text:style-name="P40">{real}</text:p></table:table-cell><table:table-cell table:style-name="表格3.E2" table:value-type="string"><text:p text:style-name="P37"/></table:table-cell></table:table-row></table:table><text:p text:style-name="P41"/><text:p text:style-name="P42"><text:span text:style-name="T12">經辦</text:span><text:span text:style-name="T7">：　　　　　　　出納組長：　　　　　　　總務主任：　　　　　　　校長：</text:span></text:p><text:p text:style-name="P43"/><table:table table:name="表格9" table:style-name="表格9"><table:table-column table:style-name="表格9.A"/><table:table-column table:style-name="表格9.B"/><table:table-header-rows><table:table-row><table:table-cell table:style-name="表格9.A1" table:value-type="string"><text:p text:style-name="P1"/><text:p text:style-name="P1"/><text:p text:style-name="P1">{school}</text:p><text:p text:style-name="P19"><text:span text:style-name="T5">※ {rent_place}開放使用費用明細 </text:span>※ </text:p></table:table-cell><table:table-cell table:style-name="表格9.B1" table:value-type="string"><text:p text:style-name="P20">NO. {record_id}</text:p><text:p text:style-name="P21">第二聯　申請人暫執</text:p></table:table-cell></table:table-row></table:table-header-rows></table:table><table:table table:name="表格10" table:style-name="表格10"><table:table-column table:style-name="表格10.A"/><table:table-column table:style-name="表格10.B"/><table:table-column table:style-name="表格10.C"/><table:table-column table:style-name="表格10.D"/><table:table-row><table:table-cell table:style-name="表格10.A1" table:value-type="string"><text:p text:style-name="P4">申請單位</text:p></table:table-cell><table:table-cell table:style-name="表格10.B1" table:value-type="string"><text:p text:style-name="P4">{borrower}</text:p></table:table-cell><table:table-cell table:style-name="表格10.A1" table:value-type="string"><text:p text:style-name="P4">借用日期</text:p></table:table-cell><table:table-cell table:style-name="表格10.D1" table:value-type="string"><text:p text:style-name="P44">{rent_date}</text:p></table:table-cell></table:table-row><table:table-row><table:table-cell table:style-name="表格10.A2" table:value-type="string"><text:p text:style-name="P4">統一編號</text:p></table:table-cell><table:table-cell table:style-name="表格10.B2" table:value-type="string"><text:p text:style-name="P4"/></table:table-cell><table:table-cell table:style-name="表格10.A2" table:value-type="string"><text:p text:style-name="P4">使用時段</text:p></table:table-cell><table:table-cell table:style-name="表格10.D2" table:value-type="string"><text:p text:style-name="P44">{time_section}</text:p></table:table-cell></table:table-row><table:table-row><table:table-cell table:style-name="表格10.A2" table:value-type="string"><text:p text:style-name="P4">聯絡電話</text:p></table:table-cell><table:table-cell table:style-name="表格10.B2" table:value-type="string"><text:p text:style-name="P4">{contact}</text:p></table:table-cell><table:table-cell table:style-name="表格10.A2" table:value-type="string"><text:p text:style-name="P4">用　　途</text:p></table:table-cell><table:table-cell table:style-name="表格10.D2" table:value-type="string"><text:p text:style-name="P44">{purpose}</text:p></table:table-cell></table:table-row></table:table><text:p text:style-name="P23"/><table:table table:name="表格11" table:style-name="表格11"><table:table-column table:style-name="表格11.A"/><table:table-column table:style-name="表格11.B"/><table:table-column table:style-name="表格11.C"/><table:table-column table:style-name="表格11.D"/><table:table-row><table:table-cell table:style-name="表格11.A1" table:value-type="string"><text:p text:style-name="P24">NO</text:p></table:table-cell><table:table-cell table:style-name="表格11.A1" table:value-type="string"><text:p text:style-name="P24">收費項目</text:p></table:table-cell><table:table-cell table:style-name="表格11.A1" table:value-type="string"><text:p text:style-name="P24">金額</text:p></table:table-cell><table:table-cell table:style-name="表格11.D1" table:value-type="string"><text:p text:style-name="P24">備　　　　　　　註</text:p></table:table-cell></table:table-row><table:table-row><table:table-cell table:style-name="表格11.A2" table:value-type="float" table:value="1"><text:p text:style-name="P24">1</text:p></table:table-cell><table:table-cell table:style-name="表格11.B2" table:value-type="string"><text:p text:style-name="P25">管理維護費</text:p></table:table-cell><table:table-cell table:style-name="表格11.B2" table:value-type="string"><text:p text:style-name="P24">{rent}</text:p></table:table-cell><table:table-cell table:style-name="表格11.D2" table:value-type="string"><text:p text:style-name="P26">全數解繳縣庫</text:p></table:table-cell></table:table-row><table:table-row><table:table-cell table:style-name="表格11.A2" table:value-type="float" table:value="2"><text:p text:style-name="P24">2</text:p></table:table-cell><table:table-cell table:style-name="表格11.B2" table:value-type="string"><text:p text:style-name="P25">水電補貼費</text:p></table:table-cell><table:table-cell table:style-name="表格11.B2" table:value-type="string"><text:p text:style-name="P24">{clean}</text:p></table:table-cell><table:table-cell table:style-name="表格11.D2" table:value-type="string"><text:p text:style-name="P27"><text:span text:style-name="T7">補貼學校水</text:span>、 <text:span text:style-name="T7">電</text:span>、 <text:span text:style-name="T7">行政等支出費用</text:span></text:p></table:table-cell></table:table-row><table:table-row><table:table-cell table:style-name="表格11.A2" table:value-type="float" table:value="3"><text:p text:style-name="P24">3</text:p></table:table-cell><table:table-cell table:style-name="表格11.B2" table:value-type="string"><text:p text:style-name="P25">保證金</text:p></table:table-cell><table:table-cell table:style-name="表格11.B2" table:value-type="string"><text:p text:style-name="P24">{prove}</text:p></table:table-cell><table:table-cell table:style-name="表格11.D2" table:value-type="string"><text:p text:style-name="P27"><text:span text:style-name="T7">活動完畢後</text:span>， <text:span text:style-name="T7">經查各項物品無毀損並已清潔歸位後退還</text:span></text:p></table:table-cell></table:table-row><table:table-row><table:table-cell table:style-name="表格11.B2" table:number-columns-spanned="2" table:value-type="string"><text:p text:style-name="P24">合　　　　計</text:p></table:table-cell><table:covered-table-cell/><table:table-cell table:style-name="表格11.B2" table:value-type="string"><text:p text:style-name="P28"><text:span text:style-name="T8">NT$ </text:span>{total}</text:p></table:table-cell><table:table-cell table:style-name="表格11.D2" table:value-type="string"><text:p text:style-name="P29"><text:span text:style-name="T9">本收費依據台中縣政府(90)府教國字第220495號函辦理</text:span><text:span text:style-name="T10">。</text:span></text:p></table:table-cell></table:table-row></table:table><text:p text:style-name="Standard"><text:span text:style-name="T13">※ 本單據請妥為保存，租借當日請持本單據向本校警衛室請求門禁開放</text:span><text:span text:style-name="T14">。</text:span></text:p><text:p text:style-name="Standard"><text:span text:style-name="T13">※ 本單據係學校管理稽核內部文件，活動結束後，請執本單據及</text:span><text:span text:style-name="T15">退還保證金申請書</text:span><text:span text:style-name="T13">換取正式收據</text:span><text:span text:style-name="T14">。</text:span></text:p><text:p text:style-name="P45"/><text:p text:style-name="P45"/><text:p text:style-name="P46">經辦： <text:s text:c="27"/><text:span text:style-name="T16">{now}</text:span></text:p><text:p text:style-name="P47"/><text:p text:style-name="P30"/><text:p text:style-name="P30"/><text:p text:style-name="P30"/><text:p text:style-name="P30"/><text:p text:style-name="P30"/><text:p text:style-name="Horizontal Line"/><text:p text:style-name="P1"/><text:p text:style-name="P48">{school}</text:p><text:p text:style-name="P48">※ 場所借用業務聯繫單 ※</text:p><text:p text:style-name="P49">TO:警衛室</text:p><table:table table:name="表格1" table:style-name="表格1"><table:table-column table:style-name="表格1.A"/><table:table-column table:style-name="表格1.B"/><table:table-row><table:table-cell table:style-name="表格1.A1" table:value-type="string"><text:p text:style-name="P50">借用日期</text:p></table:table-cell><table:table-cell table:style-name="表格1.B1" table:value-type="string"><text:p text:style-name="P51">{rent_date}</text:p></table:table-cell></table:table-row><table:table-row><table:table-cell table:style-name="表格1.A2" table:value-type="string"><text:p text:style-name="P50">借用場地</text:p></table:table-cell><table:table-cell table:style-name="表格1.B2" table:value-type="string"><text:p text:style-name="P52">{rent_place}</text:p></table:table-cell></table:table-row><table:table-row><table:table-cell table:style-name="表格1.A2" table:value-type="string"><text:p text:style-name="P50">使用時段</text:p></table:table-cell><table:table-cell table:style-name="表格1.B2" table:value-type="string"><text:p text:style-name="P51">{time_section}</text:p></table:table-cell></table:table-row><table:table-row><table:table-cell table:style-name="表格1.A2" table:value-type="string"><text:p text:style-name="P50">用　　途</text:p></table:table-cell><table:table-cell table:style-name="表格1.B2" table:value-type="string"><text:p text:style-name="P51">{purpose}</text:p></table:table-cell></table:table-row><table:table-row><table:table-cell table:style-name="表格1.A2" table:value-type="string"><text:p text:style-name="P50">申請單位</text:p></table:table-cell><table:table-cell table:style-name="表格1.B2" table:value-type="string"><text:p text:style-name="P51">{borrower}</text:p></table:table-cell></table:table-row><table:table-row><table:table-cell table:style-name="表格1.A2" table:value-type="string"><text:p text:style-name="P50">聯絡電話</text:p></table:table-cell><table:table-cell table:style-name="表格1.B2" table:value-type="string"><text:p text:style-name="P51">{contact}</text:p></table:table-cell></table:table-row><table:table-row><table:table-cell table:style-name="表格1.A2" table:value-type="string"><text:p text:style-name="P50">附記事項</text:p></table:table-cell><table:table-cell table:style-name="表格1.B2" table:value-type="string"><text:p text:style-name="P53"><text:span text:style-name="T17">□</text:span><text:span text:style-name="T18">請於 <text:s text:c="2"/>時 <text:s text:c="2"/>分開啟門禁。</text:span></text:p><text:p text:style-name="P54">□活動結束後請檢查物品是否歸位以及有無短缺或遭破壞。</text:p><text:p text:style-name="P54">□</text:p><text:p text:style-name="P54">□</text:p><text:p text:style-name="P54">□</text:p><text:p text:style-name="P54">□</text:p></table:table-cell></table:table-row></table:table><text:p text:style-name="P38">{now}</text:p><text:p text:style-name="P38"/></office:body></office:document-content>