<?xml version="1.0" encoding="UTF-8"?>
<office:document-meta xmlns:office="http://openoffice.org/2000/office" xmlns:xlink="http://www.w3.org/1999/xlink" xmlns:dc="http://purl.org/dc/elements/1.1/" xmlns:meta="http://openoffice.org/2000/meta" xmlns:ooo="http://openoffice.org/2004/office" xmlns:grddl="http://www.w3.org/2003/g/data-view#" office:version="1.2" grddl:transformation="http://docs.oasis-open.org/office/1.2/xslt/odf2rdf.xsl"><office:meta><meta:generator>OpenOffice.org/3.2$Win32 OpenOffice.org_project/320m18$Build-9502</meta:generator><meta:creation-date>2003-12-17T12:53:07</meta:creation-date><dc:creator>Infodaes ..</dc:creator><dc:date>2011-02-21T11:19:12.34</dc:date><meta:print-date>2003-12-17T14:11:54</meta:print-date><dc:language>en-US</dc:language><meta:editing-cycles>70</meta:editing-cycles><meta:editing-duration>PT05H28M27S</meta:editing-duration><meta:user-defined meta:name="Info 1"/><meta:user-defined meta:name="Info 2"/><meta:user-defined meta:name="Info 3"/><meta:user-defined meta:name="Info 4"/><meta:document-statistic meta:table-count="9" meta:image-count="0" meta:object-count="0" meta:page-count="1" meta:paragraph-count="163" meta:word-count="247" meta:character-count="1428"/></office:meta></office:document-meta>