<?xml version="1.0" encoding="UTF-8"?>
<office:document-styles xmlns:office="http://openoffice.org/2000/office" xmlns:style="http://openoffice.org/2000/style" xmlns:text="http://openoffice.org/2000/text" xmlns:table="http://openoffice.org/2000/table" xmlns:draw="http://openoffice.org/2000/drawing" xmlns:fo="http://www.w3.org/1999/XSL/Format" xmlns:xlink="http://www.w3.org/1999/xlink" xmlns:dc="http://purl.org/dc/elements/1.1/" xmlns:meta="http://openoffice.org/2000/meta" xmlns:number="http://openoffice.org/2000/datastyle" xmlns:svg="http://www.w3.org/2000/svg" xmlns:chart="http://openoffice.org/2000/chart" xmlns:dr3d="http://openoffice.org/2000/dr3d" xmlns:math="http://www.w3.org/1998/Math/MathML" xmlns:form="http://openoffice.org/2000/form" xmlns:script="http://openoffice.org/2000/script" xmlns:ooo="http://openoffice.org/2004/office" xmlns:ooow="http://openoffice.org/2004/writer" xmlns:oooc="http://openoffice.org/2004/calc" xmlns:dom="http://www.w3.org/2001/xml-events" xmlns:rpt="http://openoffice.org/2005/report" xmlns:of="urn:oasis:names:tc:opendocument:xmlns:of:1.2" xmlns:xhtml="http://www.w3.org/1999/xhtml" xmlns:grddl="http://www.w3.org/2003/g/data-view#" office:version="1.2" grddl:transformation="http://docs.oasis-open.org/office/1.2/xslt/odf2rdf.xsl"><office:font-decls><style:font-decl style:name="StarSymbol" fo:font-family="StarSymbol" style:font-charset="x-symbol"/><style:font-decl style:name="Tahoma1" fo:font-family="Tahoma"/><style:font-decl style:name="新細明體1" fo:font-family="新細明體"/><style:font-decl style:name="IDAutomationHC39M" fo:font-family="IDAutomationHC39M" style:font-family-generic="modern" style:font-pitch="fixed"/><style:font-decl style:name="標楷體" fo:font-family="標楷體" style:font-family-generic="script" style:font-pitch="fixed"/><style:font-decl style:name="Tahoma" fo:font-family="Tahoma" style:font-pitch="variable"/><style:font-decl style:name="Times New Roman" fo:font-family="&apos;Times New Roman&apos;" style:font-family-generic="roman" style:font-pitch="variable"/><style:font-decl style:name="新細明體" fo:font-family="新細明體" style:font-family-generic="roman" style:font-pitch="variable"/><style:font-decl style:name="Arial" fo:font-family="Arial" style:font-family-generic="swiss" style:font-pitch="variable"/></office:font-decls><office:styles><style:default-style style:family="graphics"><style:properties draw:shadow-offset-x="0.3cm" draw:shadow-offset-y="0.3cm" draw:start-line-spacing-horizontal="0.283cm" draw:start-line-spacing-vertical="0.283cm" draw:end-line-spacing-horizontal="0.283cm" draw:end-line-spacing-vertical="0.283cm" style:text-autospace="ideograph-alpha" style:line-break="strict" style:writing-mode="lr-tb" style:font-independent-line-spacing="false" style:use-window-font-color="true" fo:font-size="12pt" fo:language="en" fo:country="US" style:font-size-asian="12pt" style:language-asian="zh" style:country-asian="TW" style:font-size-complex="12pt" style:language-complex="zxx" style:country-complex="none"><style:tab-stops/></style:properties></style:default-style><style:default-style style:family="paragraph"><style:properties fo:hyphenation-ladder-count="no-limit" style:text-autospace="ideograph-alpha" style:punctuation-wrap="hanging" style:line-break="strict" style:tab-stop-distance="1.251cm" style:writing-mode="page" style:use-window-font-color="true" style:font-name="Times New Roman" fo:font-size="12pt" fo:language="en" fo:country="US" style:font-name-asian="新細明體1" style:font-size-asian="12pt" style:language-asian="zh" style:country-asian="TW" style:font-name-complex="Tahoma" style:font-size-complex="12pt" style:language-complex="zxx" style:country-complex="none" fo:hyphenate="false" fo:hyphenation-remain-char-count="2" fo:hyphenation-push-char-count="2"/></style:default-style><style:default-style style:family="table"><style:properties table:border-model="separating"/></style:default-style><style:default-style style:family="table-row"><style:properties fo:keep-together="always"/></style:default-style><style:style style:name="Standard" style:family="paragraph" style:class="text" style:master-page-name=""><style:properties fo:text-align="center" fo:text-align-last="justify" style:justify-single-word="true" style:page-number="auto"/></style:style><style:style style:name="Text body" style:family="paragraph" style:parent-style-name="Standard" style:class="text" style:master-page-name=""><style:properties fo:margin-top="0cm" fo:margin-bottom="0cm" style:page-number="auto" fo:background-color="transparent"><style:tab-stops/><style:background-image/></style:properties></style:style><style:style style:name="Heading" style:family="paragraph" style:parent-style-name="Standard" style:next-style-name="Text body" style:class="text"><style:properties fo:margin-top="0.423cm" fo:margin-bottom="0.212cm" fo:keep-with-next="true" style:font-name="Arial" fo:font-size="14pt" style:font-name-asian="新細明體1" style:font-size-asian="14pt" style:font-name-complex="Tahoma" style:font-size-complex="14pt"/></style:style><style:style style:name="List" style:family="paragraph" style:parent-style-name="Text body" style:class="list"><style:properties style:font-name-asian="新細明體1" style:font-name-complex="Tahoma1"/></style:style><style:style style:name="Table Contents" style:family="paragraph" style:parent-style-name="Text body" style:class="extra"><style:properties fo:margin-top="0cm" fo:margin-bottom="0cm" fo:text-align="center" fo:text-align-last="justify" style:justify-single-word="false" text:number-lines="false" text:line-number="0" style:vertical-align="middle"/></style:style><style:style style:name="Table Heading" style:family="paragraph" style:parent-style-name="Table Contents" style:class="extra"><style:properties fo:text-align="center" style:justify-single-word="false" text:number-lines="false" text:line-number="0" fo:font-style="italic" fo:font-weight="bold" style:font-style-asian="italic" style:font-weight-asian="bold" style:font-style-complex="italic" style:font-weight-complex="bold"/></style:style><style:style style:name="Caption" style:family="paragraph" style:parent-style-name="Standard" style:class="extra"><style:properties fo:margin-top="0.212cm" fo:margin-bottom="0.212cm" text:number-lines="false" text:line-number="0" fo:font-size="10pt" fo:font-style="italic" style:font-name-asian="新細明體1" style:font-size-asian="10pt" style:font-style-asian="italic" style:font-name-complex="Tahoma1" style:font-size-complex="10pt" style:font-style-complex="italic"/></style:style><style:style style:name="Table" style:family="paragraph" style:parent-style-name="Caption" style:class="extra"/><style:style style:name="Frame contents" style:family="paragraph" style:parent-style-name="Text body" style:class="extra"/><style:style style:name="Index" style:family="paragraph" style:parent-style-name="Standard" style:class="index"><style:properties text:number-lines="false" text:line-number="0" style:font-name-asian="新細明體1" style:font-name-complex="Tahoma1"/></style:style><style:style style:name="Bullet Symbols" style:family="text"><style:properties style:font-name="StarSymbol" fo:font-size="9pt" style:font-name-asian="StarSymbol" style:font-size-asian="9pt" style:font-name-complex="StarSymbol" style:font-size-complex="9pt"/></style:style><style:style style:name="Footnote Symbol" style:family="text"/><style:style style:name="Endnote Symbol" style:family="text"/><style:style style:name="Frame" style:family="graphics"><style:properties text:anchor-type="paragraph" svg:x="0cm" svg:y="0cm" fo:margin-left="0.201cm" fo:margin-right="0.201cm" fo:margin-top="0.201cm" fo:margin-bottom="0.201cm" style:wrap="parallel" style:number-wrapped-paragraphs="no-limit" style:wrap-contour="false" style:vertical-pos="top" style:vertical-rel="paragraph-content" style:horizontal-pos="center" style:horizontal-rel="paragraph-content" fo:padding="0.15cm" fo:border="0.002cm solid #000000"/></style:style><text:outline-style style:name="Outline"><text:outline-level-style text:level="1" style:num-format=""><style:properties/></text:outline-level-style><text:outline-level-style text:level="2" style:num-format=""><style:properties/></text:outline-level-style><text:outline-level-style text:level="3" style:num-format=""><style:properties/></text:outline-level-style><text:outline-level-style text:level="4" style:num-format=""><style:properties/></text:outline-level-style><text:outline-level-style text:level="5" style:num-format=""><style:properties/></text:outline-level-style><text:outline-level-style text:level="6" style:num-format=""><style:properties/></text:outline-level-style><text:outline-level-style text:level="7" style:num-format=""><style:properties/></text:outline-level-style><text:outline-level-style text:level="8" style:num-format=""><style:properties/></text:outline-level-style><text:outline-level-style text:level="9" style:num-format=""><style:properties/></text:outline-level-style><text:outline-level-style text:level="10" style:num-format=""><style:properties/></text:outline-level-style></text:outline-style><text:footnotes-configuration text:citation-style-name="Footnote Symbol" style:num-format="1" text:start-value="0" text:footnotes-position="page" text:start-numbering-at="page"/><text:endnotes-configuration text:citation-style-name="Endnote Symbol" text:master-page-name="Endnote" style:num-format="1" text:start-value="0"/><text:linenumbering-configuration text:number-lines="false" text:offset="0.499cm" style:num-format="1" text:number-position="left" text:increment="5"/></office:styles><office:automatic-styles><style:page-master style:name="Mpm1"><style:properties fo:page-width="17.598cm" fo:page-height="25cm" style:num-format="1" style:print-orientation="portrait" fo:margin-top="0.25cm" fo:margin-bottom="0.25cm" fo:margin-left="0.499cm" fo:margin-right="0.499cm" fo:background-color="transparent" style:writing-mode="lr-tb" style:layout-grid-color="#c0c0c0" style:layout-grid-lines="20" style:layout-grid-base-height="0.706cm" style:layout-grid-ruby-height="0.353cm" style:layout-grid-mode="none" style:layout-grid-ruby-below="false" style:layout-grid-print="true" style:layout-grid-display="true" style:footnote-max-height="0cm"><style:background-image/><style:columns fo:column-count="1" fo:column-gap="0cm"/><style:footnote-sep style:width="0.018cm" style:distance-before-sep="0.101cm" style:distance-after-sep="0.101cm" style:adjustment="left" style:rel-width="25%" style:color="#000000"/></style:properties><style:header-style/><style:footer-style/></style:page-master><style:page-master style:name="Mpm2"><style:properties fo:page-width="17.598cm" fo:page-height="25cm" style:num-format="1" style:print-orientation="portrait" fo:margin-top="2cm" fo:margin-bottom="2cm" fo:margin-left="2cm" fo:margin-right="2cm" style:writing-mode="lr-tb" style:footnote-max-height="0cm"><style:footnote-sep style:adjustment="left" style:rel-width="25%" style:color="#000000"/></style:properties><style:header-style/><style:footer-style/></style:page-master></office:automatic-styles><office:master-styles><style:master-page style:name="Standard" style:page-master-name="Mpm1"/><style:master-page style:name="Endnote" style:page-master-name="Mpm2"/></office:master-styles></office:document-styles>