<?xml version="1.0" encoding="UTF-8"?>
<!DOCTYPE office:document-content PUBLIC "-//OpenOffice.org//DTD OfficeDocument 1.0//EN" "office.dtd"><office:document-content xmlns:office="http://openoffice.org/2000/office" xmlns:style="http://openoffice.org/2000/style" xmlns:text="http://openoffice.org/2000/text" xmlns:table="http://openoffice.org/2000/table" xmlns:draw="http://openoffice.org/2000/drawing" xmlns:fo="http://www.w3.org/1999/XSL/Format" xmlns:xlink="http://www.w3.org/1999/xlink" xmlns:number="http://openoffice.org/2000/datastyle" xmlns:svg="http://www.w3.org/2000/svg" xmlns:chart="http://openoffice.org/2000/chart" xmlns:dr3d="http://openoffice.org/2000/dr3d" xmlns:math="http://www.w3.org/1998/Math/MathML" xmlns:form="http://openoffice.org/2000/form" xmlns:script="http://openoffice.org/2000/script" office:class="text" office:version="1.0"><office:script/><office:font-decls><style:font-decl style:name="StarSymbol" fo:font-family="StarSymbol" style:font-charset="x-symbol"/><style:font-decl style:name="Tahoma1" fo:font-family="Tahoma"/><style:font-decl style:name="IDAutomationHC39M" fo:font-family="IDAutomationHC39M" style:font-family-generic="modern" style:font-pitch="fixed"/><style:font-decl style:name="標楷體" fo:font-family="標楷體" style:font-family-generic="script" style:font-pitch="fixed"/><style:font-decl style:name="Arial Unicode MS" fo:font-family="&apos;Arial Unicode MS&apos;" style:font-pitch="variable"/><style:font-decl style:name="Tahoma" fo:font-family="Tahoma" style:font-pitch="variable"/><style:font-decl style:name="Times New Roman" fo:font-family="&apos;Times New Roman&apos;" style:font-family-generic="roman" style:font-pitch="variable"/><style:font-decl style:name="新細明體" fo:font-family="新細明體" style:font-family-generic="roman" style:font-pitch="variable"/><style:font-decl style:name="Cataneo BT" fo:font-family="&apos;Cataneo BT&apos;" style:font-family-generic="script" style:font-pitch="variable"/></office:font-decls><office:automatic-styles><style:style style:name="表格2" style:family="table"><style:properties style:width="19.586cm" fo:margin-left="0cm" fo:margin-right="0.004cm" table:align="margins"/></style:style><style:style style:name="表格2.A" style:family="table-column"><style:properties style:column-width="14.476cm" style:rel-column-width="48436*"/></style:style><style:style style:name="表格2.B" style:family="table-column"><style:properties style:column-width="5.11cm" style:rel-column-width="17099*"/></style:style><style:style style:name="表格2.A1" style:family="table-cell"><style:properties fo:background-color="transparent" fo:padding="0.097cm" fo:border="none"><style:background-image/></style:properties></style:style><style:style style:name="表格2.B1" style:family="table-cell"><style:properties fo:vertical-align="middle" fo:background-color="transparent" fo:padding="0.097cm" fo:border="none"><style:background-image/></style:properties></style:style><style:style style:name="表格1" style:family="table"><style:properties style:width="19.579cm" fo:margin-left="0cm" fo:margin-right="0.011cm" table:align="margins"/></style:style><style:style style:name="表格1.A" style:family="table-column"><style:properties style:column-width="9.156cm" style:rel-column-width="5191*"/></style:style><style:style style:name="表格1.B" style:family="table-column"><style:properties style:column-width="10.421cm" style:rel-column-width="5908*"/></style:style><style:style style:name="表格1.A1.1" style:family="table-column"><style:properties style:column-width="1.025cm" style:rel-column-width="581*"/></style:style><style:style style:name="表格1.A1.2" style:family="table-column"><style:properties style:column-width="5.115cm" style:rel-column-width="2900*"/></style:style><style:style style:name="表格1.A1.3" style:family="table-column"><style:properties style:column-width="1.296cm" style:rel-column-width="735*"/></style:style><style:style style:name="表格1.A1.4" style:family="table-column"><style:properties style:column-width="1.718cm" style:rel-column-width="974*"/></style:style><style:style style:name="表格1.A1.1.1" style:family="table-cell"><style:properties fo:vertical-align="middle" fo:background-color="#ffffcc" fo:padding="0.097cm" fo:border-left="0.035cm solid #000000" fo:border-right="none" fo:border-top="0.035cm solid #000000" fo:border-bottom="0.002cm solid #000000"><style:background-image/></style:properties></style:style><style:style style:name="表格1.A1.2.1" style:family="table-cell"><style:properties fo:vertical-align="middle" fo:background-color="#ffffcc" fo:padding="0.097cm" fo:border-left="0.002cm solid #000000" fo:border-right="none" fo:border-top="0.035cm solid #000000" fo:border-bottom="0.002cm solid #000000"><style:background-image/></style:properties></style:style><style:style style:name="表格1.A1.1.2" style:family="table-cell"><style:properties fo:vertical-align="middle" fo:background-color="#ffffcc" fo:padding="0.097cm" fo:border-left="0.035cm solid #000000" fo:border-right="none" fo:border-top="none" fo:border-bottom="0.002cm solid #000000"><style:background-image/></style:properties></style:style><style:style style:name="表格1.A1.2.2" style:family="table-cell"><style:properties fo:vertical-align="middle" fo:background-color="transparent" fo:padding="0.097cm" fo:border-left="0.002cm solid #000000" fo:border-right="none" fo:border-top="none" fo:border-bottom="0.002cm solid #000000"><style:background-image/></style:properties></style:style><style:style style:name="表格1.A1.1.7" style:family="table-cell" style:data-style-name="N0"><style:properties fo:vertical-align="middle" fo:background-color="#ffffcc" fo:padding="0.097cm" fo:border-left="0.035cm solid #000000" fo:border-right="none" fo:border-top="none" fo:border-bottom="0.002cm solid #000000"><style:background-image/></style:properties></style:style><style:style style:name="表格1.A1.1.10" style:family="table-cell"><style:properties fo:vertical-align="middle" fo:background-color="#ffffcc" fo:padding="0.097cm" fo:border-left="0.035cm solid #000000" fo:border-right="none" fo:border-top="none" fo:border-bottom="0.035cm solid #000000"><style:background-image/></style:properties></style:style><style:style style:name="表格1.A1.3.10" style:family="table-cell"><style:properties fo:vertical-align="middle" fo:background-color="transparent" fo:padding="0.097cm" fo:border-left="0.002cm solid #000000" fo:border-right="none" fo:border-top="none" fo:border-bottom="0.035cm solid #000000"><style:background-image/></style:properties></style:style><style:style style:name="表格1.B1.1.1" style:family="table-cell"><style:properties fo:background-color="#ffffcc" fo:padding="0.097cm" fo:border-left="0.002cm solid #000000" fo:border-right="0.035cm solid #000000" fo:border-top="0.035cm solid #000000" fo:border-bottom="0.002cm solid #000000"><style:background-image/></style:properties></style:style><style:style style:name="表格1.B1.1.2" style:family="table-cell"><style:properties fo:vertical-align="middle" fo:background-color="#ffffff" fo:padding="0.097cm" fo:border-left="0.002cm solid #000000" fo:border-right="0.035cm solid #000000" fo:border-top="none" fo:border-bottom="0.002cm solid #000000"><style:background-image/></style:properties></style:style><style:style style:name="表格1.B1.1.3" style:family="table-cell"><style:properties fo:background-color="#ffffff" fo:padding="0.097cm" fo:border-left="0.002cm solid #000000" fo:border-right="0.035cm solid #000000" fo:border-top="none" fo:border-bottom="0.035cm solid #000000"><style:background-image/></style:properties></style:style><style:style style:name="P1" style:family="paragraph" style:parent-style-name="Standard"><style:properties fo:margin-left="0cm" fo:margin-right="0cm" fo:text-indent="0cm" style:auto-text-indent="false"/></style:style><style:style style:name="P2" style:family="paragraph" style:parent-style-name="Table Contents"><style:properties fo:margin-top="0cm" fo:margin-bottom="0cm" style:font-name="標楷體" fo:font-size="14pt" style:font-name-asian="標楷體" style:font-size-asian="14pt" style:font-size-complex="14pt" fo:text-align="center" style:justify-single-word="false"/></style:style><style:style style:name="P3" style:family="paragraph" style:parent-style-name="Table Contents"><style:properties fo:margin-top="0cm" fo:margin-bottom="0cm" style:font-name="Cataneo BT" fo:font-size="10pt" style:font-name-asian="標楷體" style:font-size-asian="10pt" style:font-size-complex="10pt" fo:text-align="center" style:justify-single-word="false" fo:background-color="transparent" style:vertical-align="bottom"><style:background-image/></style:properties></style:style><style:style style:name="P4" style:family="paragraph" style:parent-style-name="Table Contents"><style:properties fo:margin-top="0cm" fo:margin-bottom="0cm" style:font-name="標楷體" fo:font-size="12pt" style:font-name-asian="標楷體" style:font-size-asian="12pt" style:font-size-complex="12pt" fo:line-height="100%" fo:text-align="center" style:justify-single-word="false"/></style:style><style:style style:name="P5" style:family="paragraph" style:parent-style-name="Table Contents"><style:properties fo:margin-left="-0.026cm" fo:margin-right="0cm" style:font-name="新細明體" fo:font-size="9pt" style:font-name-asian="新細明體" style:font-size-asian="9pt" style:font-size-complex="9pt" fo:text-align="center" style:justify-single-word="false" fo:text-indent="0cm" style:auto-text-indent="false"/></style:style><style:style style:name="P6" style:family="paragraph" style:parent-style-name="Table Contents"><style:properties style:font-name="新細明體" fo:font-size="9pt" style:font-name-asian="新細明體" style:font-size-asian="9pt" style:font-size-complex="9pt" fo:text-align="center" style:justify-single-word="false"/></style:style><style:style style:name="P7" style:family="paragraph" style:parent-style-name="Table Contents"><style:properties fo:margin-left="0cm" fo:margin-right="0cm" style:font-name="新細明體" fo:font-size="9pt" style:font-name-asian="新細明體" style:font-size-asian="9pt" style:font-size-complex="9pt" fo:text-align="center" style:justify-single-word="false" fo:text-indent="0cm" style:auto-text-indent="false"/></style:style><style:style style:name="P8" style:family="paragraph" style:parent-style-name="Table Contents"><style:properties fo:margin-left="-0.026cm" fo:margin-right="0cm" fo:margin-top="0cm" fo:margin-bottom="0cm" style:font-name="新細明體" fo:font-size="9pt" style:font-name-asian="新細明體" style:font-size-asian="9pt" style:font-size-complex="9pt" fo:text-align="center" style:justify-single-word="false" fo:text-indent="0cm" style:auto-text-indent="false"/></style:style><style:style style:name="P9" style:family="paragraph" style:parent-style-name="Table Contents"><style:properties fo:margin-left="0.132cm" fo:margin-right="0cm" fo:margin-top="0cm" fo:margin-bottom="0cm" style:font-name="新細明體" fo:font-size="9pt" style:font-name-asian="新細明體" style:font-size-asian="9pt" style:font-size-complex="9pt" fo:text-align="start" style:justify-single-word="false" fo:text-indent="0cm" style:auto-text-indent="false"/></style:style><style:style style:name="P10" style:family="paragraph" style:parent-style-name="Table Contents"><style:properties fo:margin-left="-0.049cm" fo:margin-right="0cm" fo:margin-top="0cm" fo:margin-bottom="0cm" style:font-name="新細明體" fo:font-size="9pt" style:font-name-asian="新細明體" style:font-size-asian="9pt" style:font-size-complex="9pt" fo:text-align="center" style:justify-single-word="false" fo:text-indent="0cm" style:auto-text-indent="false"/></style:style><style:style style:name="P11" style:family="paragraph" style:parent-style-name="Table Contents"><style:properties fo:margin-left="0cm" fo:margin-right="0cm" fo:margin-top="0cm" fo:margin-bottom="0cm" style:font-name="新細明體" fo:font-size="9pt" style:font-name-asian="新細明體" style:font-size-asian="9pt" style:font-size-complex="9pt" fo:text-align="center" style:justify-single-word="false" fo:text-indent="0cm" style:auto-text-indent="false"/></style:style><style:style style:name="P12" style:family="paragraph" style:parent-style-name="Table Contents"><style:properties fo:margin-top="0cm" fo:margin-bottom="0cm" style:font-name="標楷體" fo:font-size="10pt" style:font-name-asian="標楷體" style:font-size-asian="10pt" style:font-size-complex="10pt" fo:text-align="center" style:justify-single-word="false"/></style:style><style:style style:name="P13" style:family="paragraph" style:parent-style-name="Table Contents"><style:properties fo:margin-left="-0.049cm" fo:margin-right="0cm" fo:margin-top="0cm" fo:margin-bottom="0cm" style:font-name="標楷體" fo:font-size="10pt" style:font-name-asian="標楷體" style:font-size-asian="10pt" style:font-size-complex="10pt" fo:text-align="center" style:justify-single-word="false" fo:text-indent="0cm" style:auto-text-indent="false"/></style:style><style:style style:name="P14" style:family="paragraph" style:parent-style-name="Table Contents"><style:properties fo:margin-left="0cm" fo:margin-right="0cm" fo:margin-top="0cm" fo:margin-bottom="0cm" style:font-name="標楷體" fo:font-size="10pt" style:font-name-asian="標楷體" style:font-size-asian="10pt" style:font-size-complex="10pt" fo:text-align="center" style:justify-single-word="false" fo:text-indent="0cm" style:auto-text-indent="false"/></style:style><style:style style:name="P15" style:family="paragraph" style:parent-style-name="Text body" style:list-style-name="L1"><style:properties fo:margin-left="-0.554cm" fo:margin-right="-0.002cm" fo:margin-top="0cm" fo:margin-bottom="0cm" style:font-name="標楷體" fo:font-size="10pt" style:font-name-asian="標楷體" style:font-size-asian="10pt" style:font-size-complex="10pt" fo:text-align="start" style:justify-single-word="false" fo:text-indent="0cm" style:auto-text-indent="false"/></style:style><style:style style:name="P16" style:family="paragraph" style:parent-style-name="Table Contents"><style:properties fo:margin-left="0cm" fo:margin-right="0.192cm" fo:margin-top="0cm" fo:margin-bottom="0cm" style:font-name="IDAutomationHC39M" fo:font-size="12pt" style:font-name-asian="IDAutomationHC39M" style:font-size-asian="12pt" style:font-size-complex="12pt" fo:text-align="center" style:justify-single-word="false" fo:text-indent="0cm" style:auto-text-indent="false" fo:background-color="transparent" style:vertical-align="bottom"><style:background-image/></style:properties></style:style><style:style style:name="P17" style:family="paragraph" style:parent-style-name="Table Contents"><style:properties fo:margin-left="0cm" fo:margin-right="0.192cm" fo:margin-top="0cm" fo:margin-bottom="0cm" style:font-name="IDAutomationHC39M" fo:font-size="10pt" style:font-name-asian="標楷體" style:font-size-asian="10pt" style:font-size-complex="10pt" fo:text-align="start" style:justify-single-word="false" fo:text-indent="0cm" style:auto-text-indent="false" fo:background-color="transparent" style:vertical-align="bottom"><style:background-image/></style:properties></style:style><style:style style:name="P18" style:family="paragraph" style:parent-style-name="Text body"><style:properties fo:margin-left="0.09cm" fo:margin-right="0.09cm" fo:margin-top="0cm" fo:margin-bottom="0cm" fo:font-size="10pt" style:font-name-asian="標楷體" style:font-size-asian="10pt" style:font-size-complex="10pt" fo:line-height="0.25cm" fo:text-align="center" style:justify-single-word="false" fo:text-indent="0cm" style:auto-text-indent="false"/></style:style><style:style style:name="P19" style:family="paragraph" style:parent-style-name="Text body"><style:properties fo:margin-top="0cm" fo:margin-bottom="0cm" fo:font-size="12pt" style:font-name-asian="標楷體" style:font-size-asian="12pt" style:font-size-complex="12pt" fo:text-align="center" style:justify-single-word="false"/></style:style><style:style style:name="fr1" style:family="graphics" style:parent-style-name="Labels"><style:properties style:vertical-pos="top" style:vertical-rel="paragraph" style:horizontal-pos="from-left" style:horizontal-rel="paragraph-content"/></style:style><text:list-style style:name="L1"><text:list-level-style-bullet text:level="1" text:style-name="Bullet Symbols" style:num-suffix="." text:bullet-char="➢"><style:properties text:space-before="0.748cm" text:min-label-width="0.499cm" style:font-name="StarSymbol"/></text:list-level-style-bullet><text:list-level-style-bullet text:level="2" text:style-name="Bullet Symbols" style:num-suffix="." text:bullet-char="•"><style:properties text:space-before="1.995cm" text:min-label-width="0.499cm" style:font-name="StarSymbol"/></text:list-level-style-bullet><text:list-level-style-bullet text:level="3" text:style-name="Bullet Symbols" style:num-suffix="." text:bullet-char="•"><style:properties text:space-before="3.242cm" text:min-label-width="0.499cm" style:font-name="StarSymbol"/></text:list-level-style-bullet><text:list-level-style-bullet text:level="4" text:style-name="Bullet Symbols" style:num-suffix="." text:bullet-char="•"><style:properties text:space-before="4.489cm" text:min-label-width="0.499cm" style:font-name="StarSymbol"/></text:list-level-style-bullet><text:list-level-style-bullet text:level="5" text:style-name="Bullet Symbols" style:num-suffix="." text:bullet-char="•"><style:properties text:space-before="5.736cm" text:min-label-width="0.499cm" style:font-name="StarSymbol"/></text:list-level-style-bullet><text:list-level-style-bullet text:level="6" text:style-name="Bullet Symbols" style:num-suffix="." text:bullet-char="•"><style:properties text:space-before="6.983cm" text:min-label-width="0.499cm" style:font-name="StarSymbol"/></text:list-level-style-bullet><text:list-level-style-bullet text:level="7" text:style-name="Bullet Symbols" style:num-suffix="." text:bullet-char="•"><style:properties text:space-before="8.23cm" text:min-label-width="0.499cm" style:font-name="StarSymbol"/></text:list-level-style-bullet><text:list-level-style-bullet text:level="8" text:style-name="Bullet Symbols" style:num-suffix="." text:bullet-char="•"><style:properties text:space-before="9.478cm" text:min-label-width="0.499cm" style:font-name="StarSymbol"/></text:list-level-style-bullet><text:list-level-style-bullet text:level="9" text:style-name="Bullet Symbols" style:num-suffix="." text:bullet-char="•"><style:properties text:space-before="10.725cm" text:min-label-width="0.499cm" style:font-name="StarSymbol"/></text:list-level-style-bullet><text:list-level-style-bullet text:level="10" text:style-name="Bullet Symbols" style:num-suffix="." text:bullet-char="•"><style:properties text:space-before="11.972cm" text:min-label-width="0.499cm" style:font-name="StarSymbol"/></text:list-level-style-bullet></text:list-style><number:number-style style:name="N0" style:family="data-style"><number:number number:min-integer-digits="1"/></number:number-style></office:automatic-styles><office:body><text:sequence-decls><text:sequence-decl text:display-outline-level="0" text:name="Illustration"/><text:sequence-decl text:display-outline-level="0" text:name="Table"/><text:sequence-decl text:display-outline-level="0" text:name="Text"/><text:sequence-decl text:display-outline-level="0" text:name="Drawing"/></text:sequence-decls><text:p text:style-name="P1"><draw:text-box draw:style-name="fr1" draw:name="Frame1" text:anchor-type="paragraph" svg:x="0cm" svg:width="19.59cm" svg:height="8.19cm" draw:z-index="0"><table:table table:name="表格2" table:style-name="表格2"><table:table-column table:style-name="表格2.A"/><table:table-column table:style-name="表格2.B"/><table:table-header-rows><table:table-row><table:table-cell table:style-name="表格2.A1" table:value-type="string"><text:p text:style-name="P2">{school}{item}收據</text:p></table:table-cell><table:table-cell table:style-name="表格2.B1" table:value-type="string"><text:p text:style-name="P3">NO. {record_id}</text:p></table:table-cell></table:table-row></table:table-header-rows><table:table-row><table:table-cell table:style-name="表格2.A1" table:number-columns-spanned="2" table:value-type="string"><text:p text:style-name="P4">學期別：{year_seme}　　班級：{class}　　座號：{num}　　姓名：{stud_name}</text:p></table:table-cell><table:covered-table-cell/></table:table-row></table:table><table:table table:name="表格1" table:style-name="表格1"><table:table-column table:style-name="表格1.A"/><table:table-column table:style-name="表格1.B"/><table:table-header-rows><table:table-row><table:table-cell><table:sub-table><table:table-column table:style-name="表格1.A1.1"/><table:table-column table:style-name="表格1.A1.2"/><table:table-column table:style-name="表格1.A1.3"/><table:table-column table:style-name="表格1.A1.4"/><table:table-row><table:table-cell table:style-name="表格1.A1.1.1" table:value-type="string"><text:p text:style-name="P5">NO.</text:p></table:table-cell><table:table-cell table:style-name="表格1.A1.2.1" table:value-type="string"><text:p text:style-name="P6">收　費　細　目</text:p></table:table-cell><table:table-cell table:style-name="表格1.A1.2.1" table:value-type="string"><text:p text:style-name="P7">減免</text:p></table:table-cell><table:table-cell table:style-name="表格1.A1.2.1" table:value-type="string"><text:p text:style-name="P7">金額</text:p></table:table-cell></table:table-row><table:table-row><table:table-cell table:style-name="表格1.A1.1.2" table:value-type="string"><text:p text:style-name="P8">1</text:p></table:table-cell><table:table-cell table:style-name="表格1.A1.2.2" table:value-type="string"><text:p text:style-name="P9">{detail_0}</text:p></table:table-cell><table:table-cell table:style-name="表格1.A1.2.2" table:value-type="string"><text:p text:style-name="P10">{per_0}</text:p></table:table-cell><table:table-cell table:style-name="表格1.A1.2.2" table:value-type="string"><text:p text:style-name="P11">{dollars_0}</text:p></table:table-cell></table:table-row><table:table-row><table:table-cell table:style-name="表格1.A1.1.2" table:value-type="string"><text:p text:style-name="P8">2</text:p></table:table-cell><table:table-cell table:style-name="表格1.A1.2.2" table:value-type="string"><text:p text:style-name="P9">{detail_1}</text:p></table:table-cell><table:table-cell table:style-name="表格1.A1.2.2" table:value-type="string"><text:p text:style-name="P10">{per_1}</text:p></table:table-cell><table:table-cell table:style-name="表格1.A1.2.2" table:value-type="string"><text:p text:style-name="P11">{dollars_1}</text:p></table:table-cell></table:table-row><table:table-row><table:table-cell table:style-name="表格1.A1.1.2" table:value-type="string"><text:p text:style-name="P8">3</text:p></table:table-cell><table:table-cell table:style-name="表格1.A1.2.2" table:value-type="string"><text:p text:style-name="P9">{detail_2}</text:p></table:table-cell><table:table-cell table:style-name="表格1.A1.2.2" table:value-type="string"><text:p text:style-name="P10">{per_2}</text:p></table:table-cell><table:table-cell table:style-name="表格1.A1.2.2" table:value-type="string"><text:p text:style-name="P11">{dollars_2}</text:p></table:table-cell></table:table-row><table:table-row><table:table-cell table:style-name="表格1.A1.1.2" table:value-type="string"><text:p text:style-name="P8">4</text:p></table:table-cell><table:table-cell table:style-name="表格1.A1.2.2" table:value-type="string"><text:p text:style-name="P9">{detail_3}</text:p></table:table-cell><table:table-cell table:style-name="表格1.A1.2.2" table:value-type="string"><text:p text:style-name="P10">{per_3}</text:p></table:table-cell><table:table-cell table:style-name="表格1.A1.2.2" table:value-type="string"><text:p text:style-name="P11">{dollars_3}</text:p></table:table-cell></table:table-row><table:table-row><table:table-cell table:style-name="表格1.A1.1.2" table:value-type="string"><text:p text:style-name="P8">5</text:p></table:table-cell><table:table-cell table:style-name="表格1.A1.2.2" table:value-type="string"><text:p text:style-name="P9">{detail_4}</text:p></table:table-cell><table:table-cell table:style-name="表格1.A1.2.2" table:value-type="string"><text:p text:style-name="P10">{per_4}</text:p></table:table-cell><table:table-cell table:style-name="表格1.A1.2.2" table:value-type="string"><text:p text:style-name="P11">{dollars_4}</text:p></table:table-cell></table:table-row><table:table-row><table:table-cell table:style-name="表格1.A1.1.7" table:value-type="float" table:value="6"><text:p text:style-name="P8">6</text:p></table:table-cell><table:table-cell table:style-name="表格1.A1.2.2" table:value-type="string"><text:p text:style-name="P9">{detail_5}</text:p></table:table-cell><table:table-cell table:style-name="表格1.A1.2.2" table:value-type="string"><text:p text:style-name="P10">{per_5}</text:p></table:table-cell><table:table-cell table:style-name="表格1.A1.2.2" table:value-type="string"><text:p text:style-name="P11">{dollars_5}</text:p></table:table-cell></table:table-row><table:table-row><table:table-cell table:style-name="表格1.A1.1.7" table:value-type="float" table:value="7"><text:p text:style-name="P8">7</text:p></table:table-cell><table:table-cell table:style-name="表格1.A1.2.2" table:value-type="string"><text:p text:style-name="P9">{detail_6}</text:p></table:table-cell><table:table-cell table:style-name="表格1.A1.2.2" table:value-type="string"><text:p text:style-name="P10">{per_6}</text:p></table:table-cell><table:table-cell table:style-name="表格1.A1.2.2" table:value-type="string"><text:p text:style-name="P11">{dollars_6}</text:p></table:table-cell></table:table-row><table:table-row><table:table-cell table:style-name="表格1.A1.1.2" table:value-type="string"><text:p text:style-name="P8">8</text:p></table:table-cell><table:table-cell table:style-name="表格1.A1.2.2" table:value-type="string"><text:p text:style-name="P9">{detail_7}</text:p></table:table-cell><table:table-cell table:style-name="表格1.A1.2.2" table:value-type="string"><text:p text:style-name="P10">{per_7}</text:p></table:table-cell><table:table-cell table:style-name="表格1.A1.2.2" table:value-type="string"><text:p text:style-name="P11">{dollars_7}</text:p></table:table-cell></table:table-row><table:table-row><table:table-cell table:style-name="表格1.A1.1.10" table:number-columns-spanned="2" table:value-type="string"><text:p text:style-name="P12">合　　　　　　　　　　計</text:p></table:table-cell><table:covered-table-cell/><table:table-cell table:style-name="表格1.A1.3.10" table:value-type="string"><text:p text:style-name="P13">---</text:p></table:table-cell><table:table-cell table:style-name="表格1.A1.3.10" table:value-type="string"><text:p text:style-name="P14">{total}</text:p></table:table-cell></table:table-row></table:sub-table></table:table-cell><table:table-cell><table:sub-table><table:table-column table:style-name="表格1.B"/><table:table-row><table:table-cell table:style-name="表格1.B1.1.1" table:value-type="string"><text:unordered-list text:style-name="L1"><text:list-item><text:p text:style-name="P15">依　　據：{authority}</text:p></text:list-item><text:list-item><text:p text:style-name="P15">繳款方式：{paid_method}</text:p></text:list-item><text:list-item><text:p text:style-name="P15">繳款期限：{paid_date}</text:p></text:list-item><text:list-item><text:p text:style-name="P15">{announce_note}</text:p></text:list-item><text:list-item><text:p text:style-name="P15">{announce_note2}</text:p></text:list-item></text:unordered-list></table:table-cell></table:table-row><table:table-row><table:table-cell table:style-name="表格1.B1.1.2" table:value-type="string"><text:p text:style-name="P16">{barcode}</text:p></table:table-cell></table:table-row><table:table-row><table:table-cell table:style-name="表格1.B1.1.3" table:value-type="string"><text:p text:style-name="P17">收款簽章：</text:p></table:table-cell></table:table-row></table:sub-table></table:table-cell></table:table-row></table:table-header-rows></table:table><text:p text:style-name="P18"/><text:p text:style-name="P19">{footer}</text:p></draw:text-box></text:p></office:body></office:document-content>