<?xml version="1.0" encoding="UTF-8"?>
<!DOCTYPE office:document-content PUBLIC "-//OpenOffice.org//DTD OfficeDocument 1.0//EN" "office.dtd"><office:document-content xmlns:office="http://openoffice.org/2000/office" xmlns:style="http://openoffice.org/2000/style" xmlns:text="http://openoffice.org/2000/text" xmlns:table="http://openoffice.org/2000/table" xmlns:draw="http://openoffice.org/2000/drawing" xmlns:fo="http://www.w3.org/1999/XSL/Format" xmlns:xlink="http://www.w3.org/1999/xlink" xmlns:number="http://openoffice.org/2000/datastyle" xmlns:svg="http://www.w3.org/2000/svg" xmlns:chart="http://openoffice.org/2000/chart" xmlns:dr3d="http://openoffice.org/2000/dr3d" xmlns:math="http://www.w3.org/1998/Math/MathML" xmlns:form="http://openoffice.org/2000/form" xmlns:script="http://openoffice.org/2000/script" office:class="text" office:version="1.0"><office:script/><office:font-decls><style:font-decl style:name="Tahoma1" fo:font-family="Tahoma"/><style:font-decl style:name="標楷體" fo:font-family="標楷體" style:font-family-generic="script" style:font-pitch="fixed"/><style:font-decl style:name="Tahoma" fo:font-family="Tahoma" style:font-pitch="variable"/><style:font-decl style:name="方正明體" fo:font-family="方正明體" style:font-pitch="variable"/><style:font-decl style:name="Thorndale" fo:font-family="Thorndale" style:font-family-generic="roman" style:font-pitch="variable"/></office:font-decls><office:automatic-styles><style:style style:name="表格1" style:family="table"><style:properties style:width="19.399cm" table:align="margins"/></style:style><style:style style:name="表格1.A" style:family="table-column"><style:properties style:column-width="2.252cm" style:rel-column-width="7607*"/></style:style><style:style style:name="表格1.B" style:family="table-column"><style:properties style:column-width="2.066cm" style:rel-column-width="6975*"/></style:style><style:style style:name="表格1.C" style:family="table-column"><style:properties style:column-width="1.058cm" style:rel-column-width="3577*"/></style:style><style:style style:name="表格1.D" style:family="table-column"><style:properties style:column-width="3.256cm" style:rel-column-width="11000*"/></style:style><style:style style:name="表格1.E" style:family="table-column"><style:properties style:column-width="8.255cm" style:rel-column-width="27890*"/></style:style><style:style style:name="表格1.F" style:family="table-column"><style:properties style:column-width="2.512cm" style:rel-column-width="8486*"/></style:style><style:style style:name="表格1.1" style:family="table-row"><style:properties style:row-height="1.199cm"/></style:style><style:style style:name="表格1.A1" style:family="table-cell"><style:properties fo:vertical-align="middle" fo:padding="0.097cm" fo:border-left="0.002cm solid #000000" fo:border-right="none" fo:border-top="0.002cm solid #000000" fo:border-bottom="0.002cm solid #000000"/></style:style><style:style style:name="表格1.F1" style:family="table-cell"><style:properties fo:vertical-align="middle" fo:padding="0.097cm" fo:border="0.002cm solid #000000"/></style:style><style:style style:name="表格1.A2" style:family="table-cell"><style:properties fo:vertical-align="middle" fo:padding="0.097cm" fo:border-left="0.002cm solid #000000" fo:border-right="none" fo:border-top="none" fo:border-bottom="0.002cm solid #000000"/></style:style><style:style style:name="表格1.F2" style:family="table-cell"><style:properties fo:vertical-align="middle" fo:padding="0.097cm" fo:border-left="0.002cm solid #000000" fo:border-right="0.002cm solid #000000" fo:border-top="none" fo:border-bottom="0.002cm solid #000000"/></style:style><style:style style:name="P1" style:family="paragraph" style:parent-style-name="Standard"><style:properties style:font-name="標楷體" fo:font-size="18pt" style:font-name-asian="標楷體" style:font-size-asian="18pt" style:font-size-complex="18pt"/></style:style><style:style style:name="P2" style:family="paragraph" style:parent-style-name="Standard"><style:properties style:font-name="標楷體" fo:font-size="10pt" style:font-name-asian="標楷體" style:font-size-asian="10pt" style:font-size-complex="10pt"/></style:style><style:style style:name="P3" style:family="paragraph" style:parent-style-name="Table Heading"><style:properties style:font-name="標楷體" fo:font-size="12pt" fo:font-style="normal" style:font-name-asian="標楷體" style:font-size-asian="12pt" style:font-style-asian="normal" style:font-size-complex="12pt" style:font-style-complex="normal"/></style:style><style:style style:name="P4" style:family="paragraph" style:parent-style-name="Table Contents"><style:properties style:font-name="標楷體" style:font-name-asian="標楷體"/></style:style><style:style style:name="P5" style:family="paragraph" style:parent-style-name="Standard"><style:properties style:font-name="標楷體" style:font-name-asian="標楷體"/></style:style><style:style style:name="T1" style:family="text"><style:properties style:font-name="標楷體" style:font-name-asian="標楷體"/></style:style></office:automatic-styles><office:body><text:sequence-decls><text:sequence-decl text:display-outline-level="0" text:name="Illustration"/><text:sequence-decl text:display-outline-level="0" text:name="Table"/><text:sequence-decl text:display-outline-level="0" text:name="Text"/><text:sequence-decl text:display-outline-level="0" text:name="Drawing"/></text:sequence-decls><text:p text:style-name="P1">{ttt}</text:p><text:p text:style-name="P2"/><table:table table:name="表格1" table:style-name="表格1"><table:table-column table:style-name="表格1.A"/><table:table-column table:style-name="表格1.B"/><table:table-column table:style-name="表格1.C"/><table:table-column table:style-name="表格1.D"/><table:table-column table:style-name="表格1.E"/><table:table-column table:style-name="表格1.F"/><table:table-header-rows><table:table-row table:style-name="表格1.1"><table:table-cell table:style-name="表格1.A1" table:value-type="string"><text:p text:style-name="P3">班 <text:s text:c="2"/>級</text:p></table:table-cell><table:table-cell table:style-name="表格1.A1" table:value-type="string"><text:p text:style-name="P3">姓 <text:s text:c="2"/>名</text:p></table:table-cell><table:table-cell table:style-name="表格1.A1" table:value-type="string"><text:p text:style-name="P3">性別</text:p></table:table-cell><table:table-cell table:style-name="表格1.A1" table:value-type="string"><text:p text:style-name="P3">出 生 年 月 日</text:p></table:table-cell><table:table-cell table:style-name="表格1.A1" table:value-type="string"><text:p text:style-name="P3">畢 <text:s/>業 <text:s/>證 <text:s/>書 <text:s/>字 <text:s/>號</text:p></table:table-cell><table:table-cell table:style-name="表格1.F1" table:value-type="string"><text:p text:style-name="P3">備 <text:s/>註</text:p></table:table-cell></table:table-row></table:table-header-rows><table:table-row table:style-name="表格1.1"><table:table-cell table:style-name="表格1.A2" table:value-type="string"><text:p text:style-name="P4">{class1}</text:p></table:table-cell><table:table-cell table:style-name="表格1.A2" table:value-type="string"><text:p text:style-name="P4">{name1}</text:p></table:table-cell><table:table-cell table:style-name="表格1.A2" table:value-type="string"><text:p text:style-name="P4">{sex1}</text:p></table:table-cell><table:table-cell table:style-name="表格1.A2" table:value-type="string"><text:p text:style-name="Table Contents"><text:span text:style-name="T1">{birth1}</text:span></text:p></table:table-cell><table:table-cell table:style-name="表格1.A2" table:value-type="string"><text:p text:style-name="P4">{grad_id} {num1} 號</text:p></table:table-cell><table:table-cell table:style-name="表格1.F2" table:value-type="string"><text:p text:style-name="P4"/></table:table-cell></table:table-row><table:table-row table:style-name="表格1.1"><table:table-cell table:style-name="表格1.A2" table:value-type="string"><text:p text:style-name="P4">{class2}</text:p></table:table-cell><table:table-cell table:style-name="表格1.A2" table:value-type="string"><text:p text:style-name="P4">{name2}</text:p></table:table-cell><table:table-cell table:style-name="表格1.A2" table:value-type="string"><text:p text:style-name="P4">{sex2}</text:p></table:table-cell><table:table-cell table:style-name="表格1.A2" table:value-type="string"><text:p text:style-name="P4">{birth2}</text:p></table:table-cell><table:table-cell table:style-name="表格1.A2" table:value-type="string"><text:p text:style-name="P4">{grad_id} {num2} 號</text:p></table:table-cell><table:table-cell table:style-name="表格1.F2" table:value-type="string"><text:p text:style-name="P4"/></table:table-cell></table:table-row><table:table-row table:style-name="表格1.1"><table:table-cell table:style-name="表格1.A2" table:value-type="string"><text:p text:style-name="P4">{class3}</text:p></table:table-cell><table:table-cell table:style-name="表格1.A2" table:value-type="string"><text:p text:style-name="P4">{name3}</text:p></table:table-cell><table:table-cell table:style-name="表格1.A2" table:value-type="string"><text:p text:style-name="P4">{sex3}</text:p></table:table-cell><table:table-cell table:style-name="表格1.A2" table:value-type="string"><text:p text:style-name="P4">{birth3}</text:p></table:table-cell><table:table-cell table:style-name="表格1.A2" table:value-type="string"><text:p text:style-name="P4">{grad_id} {num3} 號</text:p></table:table-cell><table:table-cell table:style-name="表格1.F2" table:value-type="string"><text:p text:style-name="P4"/></table:table-cell></table:table-row><table:table-row table:style-name="表格1.1"><table:table-cell table:style-name="表格1.A2" table:value-type="string"><text:p text:style-name="P4">{class4}</text:p></table:table-cell><table:table-cell table:style-name="表格1.A2" table:value-type="string"><text:p text:style-name="P4">{name4}</text:p></table:table-cell><table:table-cell table:style-name="表格1.A2" table:value-type="string"><text:p text:style-name="P4">{sex4}</text:p></table:table-cell><table:table-cell table:style-name="表格1.A2" table:value-type="string"><text:p text:style-name="P4">{birth4}</text:p></table:table-cell><table:table-cell table:style-name="表格1.A2" table:value-type="string"><text:p text:style-name="P4">{grad_id} {num4} 號</text:p></table:table-cell><table:table-cell table:style-name="表格1.F2" table:value-type="string"><text:p text:style-name="P4"/></table:table-cell></table:table-row><table:table-row table:style-name="表格1.1"><table:table-cell table:style-name="表格1.A2" table:value-type="string"><text:p text:style-name="P4">{class5}</text:p></table:table-cell><table:table-cell table:style-name="表格1.A2" table:value-type="string"><text:p text:style-name="P4">{name5}</text:p></table:table-cell><table:table-cell table:style-name="表格1.A2" table:value-type="string"><text:p text:style-name="P4">{sex5}</text:p></table:table-cell><table:table-cell table:style-name="表格1.A2" table:value-type="string"><text:p text:style-name="P4">{birth5}</text:p></table:table-cell><table:table-cell table:style-name="表格1.A2" table:value-type="string"><text:p text:style-name="P4">{grad_id} {num5} 號</text:p></table:table-cell><table:table-cell table:style-name="表格1.F2" table:value-type="string"><text:p text:style-name="P4"/></table:table-cell></table:table-row><table:table-row table:style-name="表格1.1"><table:table-cell table:style-name="表格1.A2" table:value-type="string"><text:p text:style-name="P4">{class6}</text:p></table:table-cell><table:table-cell table:style-name="表格1.A2" table:value-type="string"><text:p text:style-name="P4">{name6}</text:p></table:table-cell><table:table-cell table:style-name="表格1.A2" table:value-type="string"><text:p text:style-name="P4">{sex6}</text:p></table:table-cell><table:table-cell table:style-name="表格1.A2" table:value-type="string"><text:p text:style-name="P4">{birth6}</text:p></table:table-cell><table:table-cell table:style-name="表格1.A2" table:value-type="string"><text:p text:style-name="P4">{grad_id} {num6} 號</text:p></table:table-cell><table:table-cell table:style-name="表格1.F2" table:value-type="string"><text:p text:style-name="P4"/></table:table-cell></table:table-row><table:table-row table:style-name="表格1.1"><table:table-cell table:style-name="表格1.A2" table:value-type="string"><text:p text:style-name="P4">{class7}</text:p></table:table-cell><table:table-cell table:style-name="表格1.A2" table:value-type="string"><text:p text:style-name="P4">{name7}</text:p></table:table-cell><table:table-cell table:style-name="表格1.A2" table:value-type="string"><text:p text:style-name="P4">{sex7}</text:p></table:table-cell><table:table-cell table:style-name="表格1.A2" table:value-type="string"><text:p text:style-name="P4">{birth7}</text:p></table:table-cell><table:table-cell table:style-name="表格1.A2" table:value-type="string"><text:p text:style-name="P4">{grad_id} {num7} 號</text:p></table:table-cell><table:table-cell table:style-name="表格1.F2" table:value-type="string"><text:p text:style-name="P4"/></table:table-cell></table:table-row><table:table-row table:style-name="表格1.1"><table:table-cell table:style-name="表格1.A2" table:value-type="string"><text:p text:style-name="P4">{class8}</text:p></table:table-cell><table:table-cell table:style-name="表格1.A2" table:value-type="string"><text:p text:style-name="P4">{name8}</text:p></table:table-cell><table:table-cell table:style-name="表格1.A2" table:value-type="string"><text:p text:style-name="P4">{sex8}</text:p></table:table-cell><table:table-cell table:style-name="表格1.A2" table:value-type="string"><text:p text:style-name="P4">{birth8}</text:p></table:table-cell><table:table-cell table:style-name="表格1.A2" table:value-type="string"><text:p text:style-name="P4">{grad_id} {num8} 號</text:p></table:table-cell><table:table-cell table:style-name="表格1.F2" table:value-type="string"><text:p text:style-name="P4"/></table:table-cell></table:table-row><table:table-row table:style-name="表格1.1"><table:table-cell table:style-name="表格1.A2" table:value-type="string"><text:p text:style-name="P4">{class9}</text:p></table:table-cell><table:table-cell table:style-name="表格1.A2" table:value-type="string"><text:p text:style-name="P4">{name9}</text:p></table:table-cell><table:table-cell table:style-name="表格1.A2" table:value-type="string"><text:p text:style-name="P4">{sex9}</text:p></table:table-cell><table:table-cell table:style-name="表格1.A2" table:value-type="string"><text:p text:style-name="P4">{birth9}</text:p></table:table-cell><table:table-cell table:style-name="表格1.A2" table:value-type="string"><text:p text:style-name="P4">{grad_id} {num9} 號</text:p></table:table-cell><table:table-cell table:style-name="表格1.F2" table:value-type="string"><text:p text:style-name="P4"/></table:table-cell></table:table-row><table:table-row table:style-name="表格1.1"><table:table-cell table:style-name="表格1.A2" table:value-type="string"><text:p text:style-name="P4">{class10}</text:p></table:table-cell><table:table-cell table:style-name="表格1.A2" table:value-type="string"><text:p text:style-name="P4">{name10}</text:p></table:table-cell><table:table-cell table:style-name="表格1.A2" table:value-type="string"><text:p text:style-name="P4">{sex10}</text:p></table:table-cell><table:table-cell table:style-name="表格1.A2" table:value-type="string"><text:p text:style-name="P4">{birth10}</text:p></table:table-cell><table:table-cell table:style-name="表格1.A2" table:value-type="string"><text:p text:style-name="P4">{grad_id} {num10} 號</text:p></table:table-cell><table:table-cell table:style-name="表格1.F2" table:value-type="string"><text:p text:style-name="P4"/></table:table-cell></table:table-row><table:table-row table:style-name="表格1.1"><table:table-cell table:style-name="表格1.A2" table:value-type="string"><text:p text:style-name="P4">{class11}</text:p></table:table-cell><table:table-cell table:style-name="表格1.A2" table:value-type="string"><text:p text:style-name="P4">{name11}</text:p></table:table-cell><table:table-cell table:style-name="表格1.A2" table:value-type="string"><text:p text:style-name="P4">{sex11}</text:p></table:table-cell><table:table-cell table:style-name="表格1.A2" table:value-type="string"><text:p text:style-name="P4">{birth11}</text:p></table:table-cell><table:table-cell table:style-name="表格1.A2" table:value-type="string"><text:p text:style-name="P4">{grad_id} {num11} 號</text:p></table:table-cell><table:table-cell table:style-name="表格1.F2" table:value-type="string"><text:p text:style-name="P4"/></table:table-cell></table:table-row><table:table-row table:style-name="表格1.1"><table:table-cell table:style-name="表格1.A2" table:value-type="string"><text:p text:style-name="P4">{class12}</text:p></table:table-cell><table:table-cell table:style-name="表格1.A2" table:value-type="string"><text:p text:style-name="P4">{name12}</text:p></table:table-cell><table:table-cell table:style-name="表格1.A2" table:value-type="string"><text:p text:style-name="P4">{sex12}</text:p></table:table-cell><table:table-cell table:style-name="表格1.A2" table:value-type="string"><text:p text:style-name="P4">{birth12}</text:p></table:table-cell><table:table-cell table:style-name="表格1.A2" table:value-type="string"><text:p text:style-name="P4">{grad_id} {num12} 號</text:p></table:table-cell><table:table-cell table:style-name="表格1.F2" table:value-type="string"><text:p text:style-name="P4"/></table:table-cell></table:table-row><table:table-row table:style-name="表格1.1"><table:table-cell table:style-name="表格1.A2" table:value-type="string"><text:p text:style-name="P4">{class13}</text:p></table:table-cell><table:table-cell table:style-name="表格1.A2" table:value-type="string"><text:p text:style-name="P4">{name13}</text:p></table:table-cell><table:table-cell table:style-name="表格1.A2" table:value-type="string"><text:p text:style-name="P4">{sex13}</text:p></table:table-cell><table:table-cell table:style-name="表格1.A2" table:value-type="string"><text:p text:style-name="P4">{birth13}</text:p></table:table-cell><table:table-cell table:style-name="表格1.A2" table:value-type="string"><text:p text:style-name="P4">{grad_id} {num13} 號</text:p></table:table-cell><table:table-cell table:style-name="表格1.F2" table:value-type="string"><text:p text:style-name="P4"/></table:table-cell></table:table-row><table:table-row table:style-name="表格1.1"><table:table-cell table:style-name="表格1.A2" table:value-type="string"><text:p text:style-name="P4">{class14}</text:p></table:table-cell><table:table-cell table:style-name="表格1.A2" table:value-type="string"><text:p text:style-name="P4">{name14}</text:p></table:table-cell><table:table-cell table:style-name="表格1.A2" table:value-type="string"><text:p text:style-name="P4">{sex14}</text:p></table:table-cell><table:table-cell table:style-name="表格1.A2" table:value-type="string"><text:p text:style-name="P4">{birth14}</text:p></table:table-cell><table:table-cell table:style-name="表格1.A2" table:value-type="string"><text:p text:style-name="P4">{grad_id} {num14} 號</text:p></table:table-cell><table:table-cell table:style-name="表格1.F2" table:value-type="string"><text:p text:style-name="P4"/></table:table-cell></table:table-row><table:table-row table:style-name="表格1.1"><table:table-cell table:style-name="表格1.A2" table:value-type="string"><text:p text:style-name="P4">{class15}</text:p></table:table-cell><table:table-cell table:style-name="表格1.A2" table:value-type="string"><text:p text:style-name="P4">{name15}</text:p></table:table-cell><table:table-cell table:style-name="表格1.A2" table:value-type="string"><text:p text:style-name="P4">{sex15}</text:p></table:table-cell><table:table-cell table:style-name="表格1.A2" table:value-type="string"><text:p text:style-name="P4">{birth15}</text:p></table:table-cell><table:table-cell table:style-name="表格1.A2" table:value-type="string"><text:p text:style-name="P4">{grad_id} {num15} 號</text:p></table:table-cell><table:table-cell table:style-name="表格1.F2" table:value-type="string"><text:p text:style-name="P4"/></table:table-cell></table:table-row><table:table-row table:style-name="表格1.1"><table:table-cell table:style-name="表格1.A2" table:value-type="string"><text:p text:style-name="P4">{class16}</text:p></table:table-cell><table:table-cell table:style-name="表格1.A2" table:value-type="string"><text:p text:style-name="P4">{name16}</text:p></table:table-cell><table:table-cell table:style-name="表格1.A2" table:value-type="string"><text:p text:style-name="P4">{sex16}</text:p></table:table-cell><table:table-cell table:style-name="表格1.A2" table:value-type="string"><text:p text:style-name="P4">{birth16}</text:p></table:table-cell><table:table-cell table:style-name="表格1.A2" table:value-type="string"><text:p text:style-name="P4">{grad_id} {num16} 號</text:p></table:table-cell><table:table-cell table:style-name="表格1.F2" table:value-type="string"><text:p text:style-name="P4"/></table:table-cell></table:table-row><table:table-row table:style-name="表格1.1"><table:table-cell table:style-name="表格1.A2" table:value-type="string"><text:p text:style-name="P4">{class17}</text:p></table:table-cell><table:table-cell table:style-name="表格1.A2" table:value-type="string"><text:p text:style-name="P4">{name17}</text:p></table:table-cell><table:table-cell table:style-name="表格1.A2" table:value-type="string"><text:p text:style-name="P4">{sex17}</text:p></table:table-cell><table:table-cell table:style-name="表格1.A2" table:value-type="string"><text:p text:style-name="P4">{birth17}</text:p></table:table-cell><table:table-cell table:style-name="表格1.A2" table:value-type="string"><text:p text:style-name="P4">{grad_id} {num17} 號</text:p></table:table-cell><table:table-cell table:style-name="表格1.F2" table:value-type="string"><text:p text:style-name="P4"/></table:table-cell></table:table-row><table:table-row table:style-name="表格1.1"><table:table-cell table:style-name="表格1.A2" table:value-type="string"><text:p text:style-name="P4">{class18}</text:p></table:table-cell><table:table-cell table:style-name="表格1.A2" table:value-type="string"><text:p text:style-name="P4">{name18}</text:p></table:table-cell><table:table-cell table:style-name="表格1.A2" table:value-type="string"><text:p text:style-name="P4">{sex18}</text:p></table:table-cell><table:table-cell table:style-name="表格1.A2" table:value-type="string"><text:p text:style-name="P4">{birth18}</text:p></table:table-cell><table:table-cell table:style-name="表格1.A2" table:value-type="string"><text:p text:style-name="P4">{grad_id} {num18} 號</text:p></table:table-cell><table:table-cell table:style-name="表格1.F2" table:value-type="string"><text:p text:style-name="P4"/></table:table-cell></table:table-row><table:table-row table:style-name="表格1.1"><table:table-cell table:style-name="表格1.A2" table:value-type="string"><text:p text:style-name="P4">{class19}</text:p></table:table-cell><table:table-cell table:style-name="表格1.A2" table:value-type="string"><text:p text:style-name="P4">{name19}</text:p></table:table-cell><table:table-cell table:style-name="表格1.A2" table:value-type="string"><text:p text:style-name="P4">{sex19}</text:p></table:table-cell><table:table-cell table:style-name="表格1.A2" table:value-type="string"><text:p text:style-name="P4">{birth19}</text:p></table:table-cell><table:table-cell table:style-name="表格1.A2" table:value-type="string"><text:p text:style-name="P4">{grad_id} {num19} 號</text:p></table:table-cell><table:table-cell table:style-name="表格1.F2" table:value-type="string"><text:p text:style-name="P4"/></table:table-cell></table:table-row></table:table><text:p text:style-name="P5">班級任教師<text:tab-stop/><text:tab-stop/> <text:s/><text:tab-stop/><text:tab-stop/> <text:s text:c="4"/>教務<text:tab-stop/><text:tab-stop/><text:tab-stop/><text:tab-stop/><text:tab-stop/>校長</text:p></office:body></office:document-content>