<?xml version="1.0" encoding="UTF-8"?>
<!DOCTYPE office:document-styles PUBLIC "-//OpenOffice.org//DTD OfficeDocument 1.0//EN" "office.dtd"><office:document-styles xmlns:office="http://openoffice.org/2000/office" xmlns:style="http://openoffice.org/2000/style" xmlns:text="http://openoffice.org/2000/text" xmlns:table="http://openoffice.org/2000/table" xmlns:draw="http://openoffice.org/2000/drawing" xmlns:fo="http://www.w3.org/1999/XSL/Format" xmlns:xlink="http://www.w3.org/1999/xlink" xmlns:number="http://openoffice.org/2000/datastyle" xmlns:svg="http://www.w3.org/2000/svg" xmlns:chart="http://openoffice.org/2000/chart" xmlns:dr3d="http://openoffice.org/2000/dr3d" xmlns:math="http://www.w3.org/1998/Math/MathML" xmlns:form="http://openoffice.org/2000/form" xmlns:script="http://openoffice.org/2000/script" office:version="1.0"><office:font-decls><style:font-decl style:name="Tahoma1" fo:font-family="Tahoma"/><style:font-decl style:name="標楷體" fo:font-family="標楷體" style:font-family-generic="script" style:font-pitch="fixed"/><style:font-decl style:name="Tahoma" fo:font-family="Tahoma" style:font-pitch="variable"/><style:font-decl style:name="方正明體" fo:font-family="方正明體" style:font-pitch="variable"/><style:font-decl style:name="Thorndale" fo:font-family="Thorndale" style:font-family-generic="roman" style:font-pitch="variable"/></office:font-decls><office:styles><style:default-style style:family="graphics"><style:properties draw:start-line-spacing-horizontal="0.283cm" draw:start-line-spacing-vertical="0.283cm" draw:end-line-spacing-horizontal="0.283cm" draw:end-line-spacing-vertical="0.283cm" style:use-window-font-color="true" style:font-name="Thorndale" fo:font-size="12pt" fo:language="en" fo:country="US" style:font-name-asian="方正明體" style:font-size-asian="12pt" style:language-asian="zh" style:country-asian="TW" style:font-name-complex="Tahoma" style:font-size-complex="12pt" style:language-complex="none" style:country-complex="none" style:text-autospace="ideograph-alpha" style:line-break="strict" style:writing-mode="lr-tb"><style:tab-stops/></style:properties></style:default-style><style:default-style style:family="paragraph"><style:properties style:use-window-font-color="true" style:font-name="Thorndale" fo:font-size="12pt" fo:language="en" fo:country="US" style:font-name-asian="方正明體" style:font-size-asian="12pt" style:language-asian="zh" style:country-asian="TW" style:font-name-complex="Tahoma" style:font-size-complex="12pt" style:language-complex="none" style:country-complex="none" fo:hyphenate="false" fo:hyphenation-remain-char-count="2" fo:hyphenation-push-char-count="2" fo:hyphenation-ladder-count="no-limit" style:text-autospace="ideograph-alpha" style:punctuation-wrap="hanging" style:line-break="strict" style:tab-stop-distance="1.251cm" style:writing-mode="page"/></style:default-style><style:style style:name="Standard" style:family="paragraph" style:class="text"/><style:style style:name="Text body" style:family="paragraph" style:parent-style-name="Standard" style:class="text"><style:properties fo:margin-top="0cm" fo:margin-bottom="0.212cm"/></style:style><style:style style:name="List" style:family="paragraph" style:parent-style-name="Text body" style:class="list"><style:properties style:font-name-complex="Tahoma1"/></style:style><style:style style:name="Table Contents" style:family="paragraph" style:parent-style-name="Text body" style:class="extra"><style:properties text:number-lines="false" text:line-number="0"/></style:style><style:style style:name="Table Heading" style:family="paragraph" style:parent-style-name="Table Contents" style:class="extra"><style:properties fo:font-style="italic" fo:font-weight="bold" style:font-style-asian="italic" style:font-weight-asian="bold" style:font-style-complex="italic" style:font-weight-complex="bold" fo:text-align="center" style:justify-single-word="false" text:number-lines="false" text:line-number="0"/></style:style><style:style style:name="Caption" style:family="paragraph" style:parent-style-name="Standard" style:class="extra"><style:properties fo:margin-top="0.212cm" fo:margin-bottom="0.212cm" fo:font-size="10pt" fo:font-style="italic" style:font-size-asian="10pt" style:font-style-asian="italic" style:font-name-complex="Tahoma1" style:font-size-complex="10pt" style:font-style-complex="italic" text:number-lines="false" text:line-number="0"/></style:style><style:style style:name="Index" style:family="paragraph" style:parent-style-name="Standard" style:class="index"><style:properties style:font-name-complex="Tahoma1" text:number-lines="false" text:line-number="0"/></style:style><text:outline-style><text:outline-level-style text:level="1" style:num-format=""/><text:outline-level-style text:level="2" style:num-format=""/><text:outline-level-style text:level="3" style:num-format=""/><text:outline-level-style text:level="4" style:num-format=""/><text:outline-level-style text:level="5" style:num-format=""/><text:outline-level-style text:level="6" style:num-format=""/><text:outline-level-style text:level="7" style:num-format=""/><text:outline-level-style text:level="8" style:num-format=""/><text:outline-level-style text:level="9" style:num-format=""/><text:outline-level-style text:level="10" style:num-format=""/></text:outline-style><text:footnotes-configuration style:num-format="1" text:start-value="0" text:footnotes-position="page" text:start-numbering-at="document"/><text:endnotes-configuration style:num-format="i" text:start-value="0"/><text:linenumbering-configuration text:number-lines="false" text:offset="0.499cm" style:num-format="1" text:number-position="left" text:increment="5"/></office:styles><office:automatic-styles><style:page-master style:name="pm1"><style:properties fo:page-width="21.001cm" fo:page-height="29.7cm" style:num-format="1" style:print-orientation="portrait" fo:margin-top="2cm" fo:margin-bottom="2cm" fo:margin-left="0.801cm" fo:margin-right="0.801cm" style:writing-mode="lr-tb" style:footnote-max-height="0cm"><style:footnote-sep style:width="0.018cm" style:distance-before-sep="0.101cm" style:distance-after-sep="0.101cm" style:adjustment="left" style:rel-width="25%" style:color="#000000"/></style:properties><style:header-style/><style:footer-style/></style:page-master></office:automatic-styles><office:master-styles><style:master-page style:name="Standard" style:page-master-name="pm1"/></office:master-styles></office:document-styles>