<?xml version="1.0" encoding="UTF-8"?>
<!DOCTYPE office:document-meta PUBLIC "-//OpenOffice.org//DTD OfficeDocument 1.0//EN" "office.dtd"><office:document-meta xmlns:office="http://openoffice.org/2000/office" xmlns:xlink="http://www.w3.org/1999/xlink" xmlns:dc="http://purl.org/dc/elements/1.1/" xmlns:meta="http://openoffice.org/2000/meta" office:version="1.0"><office:meta><meta:generator>OpenOffice.org 1.1.1 (Win32)</meta:generator><!--645(Build:8762)--><meta:creation-date>2007-12-06T16:33:29</meta:creation-date><dc:date>2009-07-16T10:55:42</dc:date><dc:language>en-US</dc:language><meta:editing-cycles>57</meta:editing-cycles><meta:editing-duration>PT5H40M26S</meta:editing-duration><meta:user-defined meta:name="Info 1"/><meta:user-defined meta:name="Info 2"/><meta:user-defined meta:name="Info 3"/><meta:user-defined meta:name="Info 4"/><meta:document-statistic meta:table-count="6" meta:image-count="1" meta:object-count="0" meta:page-count="2" meta:paragraph-count="448" meta:word-count="1379" meta:character-count="5473"/></office:meta></office:document-meta>