<?xml version="1.0" encoding="UTF-8"?>
<!DOCTYPE office:document-meta PUBLIC "-//OpenOffice.org//DTD OfficeDocument 1.0//EN" "office.dtd"><office:document-meta xmlns:office="http://openoffice.org/2000/office" xmlns:xlink="http://www.w3.org/1999/xlink" xmlns:dc="http://purl.org/dc/elements/1.1/" xmlns:meta="http://openoffice.org/2000/meta" office:version="1.0"><office:meta><meta:generator>OpenOffice.org 1.1.5 (Win32)</meta:generator><!--645m58(Build:8950)--><meta:creation-date>2007-12-06T20:55:27</meta:creation-date><dc:date>2011-09-22T22:27:43</dc:date><dc:language>en-US</dc:language><meta:editing-cycles>120</meta:editing-cycles><meta:editing-duration>PT5H36M47S</meta:editing-duration><meta:user-defined meta:name="Info 1"/><meta:user-defined meta:name="Info 2"/><meta:user-defined meta:name="Info 3"/><meta:user-defined meta:name="Info 4"/><meta:document-statistic meta:table-count="4" meta:image-count="1" meta:object-count="0" meta:page-count="3" meta:paragraph-count="522" meta:word-count="1538" meta:character-count="5937"/></office:meta></office:document-meta>