<?xml version="1.0" encoding="UTF-8"?>
<!DOCTYPE office:document-content PUBLIC "-//OpenOffice.org//DTD OfficeDocument 1.0//EN" "office.dtd"><office:document-content xmlns:office="http://openoffice.org/2000/office" xmlns:style="http://openoffice.org/2000/style" xmlns:text="http://openoffice.org/2000/text" xmlns:table="http://openoffice.org/2000/table" xmlns:draw="http://openoffice.org/2000/drawing" xmlns:fo="http://www.w3.org/1999/XSL/Format" xmlns:xlink="http://www.w3.org/1999/xlink" xmlns:number="http://openoffice.org/2000/datastyle" xmlns:svg="http://www.w3.org/2000/svg" xmlns:chart="http://openoffice.org/2000/chart" xmlns:dr3d="http://openoffice.org/2000/dr3d" xmlns:math="http://www.w3.org/1998/Math/MathML" xmlns:form="http://openoffice.org/2000/form" xmlns:script="http://openoffice.org/2000/script" office:class="text" office:version="1.0"><office:script/><office:font-decls><style:font-decl style:name="Tahoma1" fo:font-family="Tahoma"/><style:font-decl style:name="標楷體" fo:font-family="標楷體" style:font-family-generic="script" style:font-pitch="fixed"/><style:font-decl style:name="Tahoma" fo:font-family="Tahoma" style:font-pitch="variable"/><style:font-decl style:name="方正明體" fo:font-family="方正明體" style:font-pitch="variable"/><style:font-decl style:name="Thorndale" fo:font-family="Thorndale" style:font-family-generic="roman" style:font-pitch="variable"/><style:font-decl style:name="Thorndale1" fo:font-family="Thorndale" style:font-family-generic="script" style:font-pitch="variable"/><style:font-decl style:name="方正明體1" fo:font-family="方正明體" style:font-family-generic="script" style:font-pitch="variable"/><style:font-decl style:name="標楷體1" fo:font-family="標楷體" style:font-family-generic="script" style:font-pitch="variable"/></office:font-decls><office:automatic-styles><style:style style:name="表格1" style:family="table"><style:properties style:width="19.29cm" table:align="left"/></style:style><style:style style:name="表格1.A" style:family="table-column"><style:properties style:column-width="2.196cm"/></style:style><style:style style:name="表格1.B" style:family="table-column"><style:properties style:column-width="0.796cm"/></style:style><style:style style:name="表格1.C" style:family="table-column"><style:properties style:column-width="1.879cm"/></style:style><style:style style:name="表格1.D" style:family="table-column"><style:properties style:column-width="1.981cm"/></style:style><style:style style:name="表格1.E" style:family="table-column"><style:properties style:column-width="1.958cm"/></style:style><style:style style:name="表格1.F" style:family="table-column"><style:properties style:column-width="9.234cm"/></style:style><style:style style:name="表格1.G" style:family="table-column"><style:properties style:column-width="1.247cm"/></style:style><style:style style:name="表格1.1" style:family="table-row"><style:properties style:min-row-height="1.499cm"/></style:style><style:style style:name="表格1.A1" style:family="table-cell"><style:properties fo:vertical-align="middle" fo:padding="0.097cm" fo:border="0.002cm solid #000000"/></style:style><style:style style:name="表格1.2" style:family="table-row"><style:properties style:row-height="1.3cm"/></style:style><style:style style:name="表格1.A2" style:family="table-cell"><style:properties fo:vertical-align="middle" fo:padding="0.097cm" fo:border-left="0.002cm solid #000000" fo:border-right="none" fo:border-top="none" fo:border-bottom="0.002cm solid #000000"/></style:style><style:style style:name="表格1.G2" style:family="table-cell"><style:properties fo:vertical-align="middle" fo:padding="0.097cm" fo:border-left="0.002cm solid #000000" fo:border-right="0.002cm solid #000000" fo:border-top="none" fo:border-bottom="0.002cm solid #000000"/></style:style><style:style style:name="表格1.3" style:family="table-row"><style:properties style:row-height="1.199cm"/></style:style><style:style style:name="P1" style:family="paragraph" style:parent-style-name="Table Heading"><style:properties style:font-name="標楷體" fo:font-size="18pt" fo:font-style="normal" style:font-name-asian="標楷體" style:font-size-asian="18pt" style:font-style-asian="normal" style:font-size-complex="18pt" style:font-style-complex="normal" fo:text-align="start" style:justify-single-word="false"/></style:style><style:style style:name="P2" style:family="paragraph"><style:properties style:font-name="標楷體" fo:font-size="12pt" style:font-name-asian="標楷體" style:font-size-asian="12pt"/></style:style><style:style style:name="P3" style:family="paragraph"><style:properties style:font-name-asian="標楷體"/></style:style><style:style style:name="P4" style:family="paragraph" style:parent-style-name="Table Heading"><style:properties style:font-name="標楷體" fo:font-style="normal" style:font-name-asian="標楷體" style:font-style-asian="normal" style:font-style-complex="normal"/></style:style><style:style style:name="P5" style:family="paragraph" style:parent-style-name="Table Contents"><style:properties style:font-name="標楷體" style:font-name-asian="標楷體"/></style:style><style:style style:name="P6" style:family="paragraph" style:parent-style-name="Table Contents"><style:properties style:font-name="標楷體" style:font-name-asian="標楷體" fo:text-align="start" style:justify-single-word="false"/></style:style><style:style style:name="T1" style:family="text"><style:properties style:font-name="標楷體" fo:font-size="12pt" style:font-name-asian="標楷體" style:font-size-asian="12pt"/></style:style><style:style style:name="T2" style:family="text"><style:properties style:font-name="標楷體" fo:font-size="12pt" style:font-name-asian="標楷體"/></style:style><style:style style:name="T3" style:family="text"><style:properties style:font-name-asian="標楷體"/></style:style><style:style style:name="fr1" style:family="graphics"><style:properties style:run-through="foreground" style:wrap="run-through"/></style:style><style:style style:name="gr1" style:family="graphics"><style:properties draw:stroke="none" svg:stroke-color="#000000" draw:fill="none" draw:fill-color="#ffffff" fo:min-height="0.582cm" style:run-through="foreground" style:wrap="run-through"/></style:style><style:style style:name="gr2" style:family="graphics"><style:properties draw:stroke="none" svg:stroke-color="#000000" draw:fill="none" draw:fill-color="#ffffff" fo:min-height="0.609cm" style:run-through="foreground" style:wrap="run-through"/></style:style></office:automatic-styles><office:body><text:sequence-decls><text:sequence-decl text:display-outline-level="0" text:name="Illustration"/><text:sequence-decl text:display-outline-level="0" text:name="Table"/><text:sequence-decl text:display-outline-level="0" text:name="Text"/><text:sequence-decl text:display-outline-level="0" text:name="Drawing"/></text:sequence-decls><table:table table:name="表格1" table:style-name="表格1"><table:table-column table:style-name="表格1.A"/><table:table-column table:style-name="表格1.B"/><table:table-column table:style-name="表格1.C"/><table:table-column table:style-name="表格1.D"/><table:table-column table:style-name="表格1.E"/><table:table-column table:style-name="表格1.F"/><table:table-column table:style-name="表格1.G"/><table:table-header-rows><table:table-row table:style-name="表格1.1"><table:table-cell table:style-name="表格1.A1" table:number-columns-spanned="7" table:value-type="string"><text:p text:style-name="P1"><draw:text-box text:anchor-type="paragraph" draw:z-index="0" draw:style-name="gr1" draw:text-style-name="P2" svg:width="6.929cm" svg:height="1.02cm" svg:x="11.848cm" svg:y="-0.222cm"><text:p><text:span text:style-name="T1">(</text:span><text:span text:style-name="T1">本頁男生</text:span><text:span text:style-name="T1">{boy}</text:span><text:span text:style-name="T1">人女生</text:span><text:span text:style-name="T1">{girl}</text:span><text:span text:style-name="T1">人計</text:span><text:span text:style-name="T1">{tol}</text:span><text:span text:style-name="T1">人</text:span><text:span text:style-name="T1">)</text:span></text:p></draw:text-box><draw:text-box text:anchor-type="paragraph" draw:z-index="1" draw:style-name="gr2" draw:text-style-name="P3" svg:width="5.664cm" svg:height="0.61cm" svg:x="11.98cm" svg:y="0.36cm"><text:p><text:span text:style-name="T2">{TT2}</text:span><text:span text:style-name="T3"> <text:s/></text:span></text:p></draw:text-box>{tt1}</text:p></table:table-cell><table:covered-table-cell/><table:covered-table-cell/><table:covered-table-cell/><table:covered-table-cell/><table:covered-table-cell/><table:covered-table-cell/></table:table-row></table:table-header-rows><table:table-row table:style-name="表格1.2"><table:table-cell table:style-name="表格1.A2" table:value-type="string"><text:p text:style-name="P4">姓 <text:s/>名 </text:p></table:table-cell><table:table-cell table:style-name="表格1.A2" table:value-type="string"><text:p text:style-name="P4">性別</text:p></table:table-cell><table:table-cell table:style-name="表格1.A2" table:value-type="string"><text:p text:style-name="P4">電 <text:s text:c="2"/>話</text:p></table:table-cell><table:table-cell table:style-name="表格1.A2" table:value-type="string"><text:p text:style-name="P4">出生日期</text:p></table:table-cell><table:table-cell table:style-name="表格1.A2" table:value-type="string"><text:p text:style-name="P4">家長姓名</text:p></table:table-cell><table:table-cell table:style-name="表格1.A2" table:value-type="string"><text:p text:style-name="P4">住址</text:p></table:table-cell><table:table-cell table:style-name="表格1.G2" table:value-type="string"><text:p text:style-name="P4">備註</text:p></table:table-cell></table:table-row><table:table-row table:style-name="表格1.3"><table:table-cell table:style-name="表格1.A2" table:value-type="string"><text:p text:style-name="P5">{name1}</text:p></table:table-cell><table:table-cell table:style-name="表格1.A2" table:value-type="string"><text:p text:style-name="P5">{sex1}</text:p></table:table-cell><table:table-cell table:style-name="表格1.A2" table:value-type="string"><text:p text:style-name="P6">{tel1}</text:p></table:table-cell><table:table-cell table:style-name="表格1.A2" table:value-type="string"><text:p text:style-name="P6">{birth1}</text:p></table:table-cell><table:table-cell table:style-name="表格1.A2" table:value-type="string"><text:p text:style-name="P5">{da1}</text:p></table:table-cell><table:table-cell table:style-name="表格1.A2" table:value-type="string"><text:p text:style-name="P5">{add1}</text:p></table:table-cell><table:table-cell table:style-name="表格1.G2" table:value-type="string"><text:p text:style-name="P5">{class1}</text:p></table:table-cell></table:table-row><table:table-row table:style-name="表格1.3"><table:table-cell table:style-name="表格1.A2" table:value-type="string"><text:p text:style-name="P5">{name2}</text:p></table:table-cell><table:table-cell table:style-name="表格1.A2" table:value-type="string"><text:p text:style-name="P5">{sex2}</text:p></table:table-cell><table:table-cell table:style-name="表格1.A2" table:value-type="string"><text:p text:style-name="P6">{tel2}</text:p></table:table-cell><table:table-cell table:style-name="表格1.A2" table:value-type="string"><text:p text:style-name="P6">{birth2}</text:p></table:table-cell><table:table-cell table:style-name="表格1.A2" table:value-type="string"><text:p text:style-name="P5">{da2}</text:p></table:table-cell><table:table-cell table:style-name="表格1.A2" table:value-type="string"><text:p text:style-name="P5">{add2}</text:p></table:table-cell><table:table-cell table:style-name="表格1.G2" table:value-type="string"><text:p text:style-name="P5">{class2}</text:p></table:table-cell></table:table-row><table:table-row table:style-name="表格1.3"><table:table-cell table:style-name="表格1.A2" table:value-type="string"><text:p text:style-name="P5">{name3}</text:p></table:table-cell><table:table-cell table:style-name="表格1.A2" table:value-type="string"><text:p text:style-name="P5">{sex3}</text:p></table:table-cell><table:table-cell table:style-name="表格1.A2" table:value-type="string"><text:p text:style-name="P6">{tel3}</text:p></table:table-cell><table:table-cell table:style-name="表格1.A2" table:value-type="string"><text:p text:style-name="P6">{birth3}</text:p></table:table-cell><table:table-cell table:style-name="表格1.A2" table:value-type="string"><text:p text:style-name="P5">{da3}</text:p></table:table-cell><table:table-cell table:style-name="表格1.A2" table:value-type="string"><text:p text:style-name="P5">{add3}</text:p></table:table-cell><table:table-cell table:style-name="表格1.G2" table:value-type="string"><text:p text:style-name="P5">{class3}</text:p></table:table-cell></table:table-row><table:table-row table:style-name="表格1.3"><table:table-cell table:style-name="表格1.A2" table:value-type="string"><text:p text:style-name="P5">{name4}</text:p></table:table-cell><table:table-cell table:style-name="表格1.A2" table:value-type="string"><text:p text:style-name="P5">{sex4}</text:p></table:table-cell><table:table-cell table:style-name="表格1.A2" table:value-type="string"><text:p text:style-name="P6">{tel4}</text:p></table:table-cell><table:table-cell table:style-name="表格1.A2" table:value-type="string"><text:p text:style-name="P6">{birth4}</text:p></table:table-cell><table:table-cell table:style-name="表格1.A2" table:value-type="string"><text:p text:style-name="P5">{da4}</text:p></table:table-cell><table:table-cell table:style-name="表格1.A2" table:value-type="string"><text:p text:style-name="P5">{add4}</text:p></table:table-cell><table:table-cell table:style-name="表格1.G2" table:value-type="string"><text:p text:style-name="P5">{class4}</text:p></table:table-cell></table:table-row><table:table-row table:style-name="表格1.3"><table:table-cell table:style-name="表格1.A2" table:value-type="string"><text:p text:style-name="P5">{name5}</text:p></table:table-cell><table:table-cell table:style-name="表格1.A2" table:value-type="string"><text:p text:style-name="P5">{sex5}</text:p></table:table-cell><table:table-cell table:style-name="表格1.A2" table:value-type="string"><text:p text:style-name="P6">{tel5}</text:p></table:table-cell><table:table-cell table:style-name="表格1.A2" table:value-type="string"><text:p text:style-name="P6">{birth5}</text:p></table:table-cell><table:table-cell table:style-name="表格1.A2" table:value-type="string"><text:p text:style-name="P5">{da5}</text:p></table:table-cell><table:table-cell table:style-name="表格1.A2" table:value-type="string"><text:p text:style-name="P5">{add5}</text:p></table:table-cell><table:table-cell table:style-name="表格1.G2" table:value-type="string"><text:p text:style-name="P5">{class5}</text:p></table:table-cell></table:table-row><table:table-row table:style-name="表格1.3"><table:table-cell table:style-name="表格1.A2" table:value-type="string"><text:p text:style-name="P5">{name6}</text:p></table:table-cell><table:table-cell table:style-name="表格1.A2" table:value-type="string"><text:p text:style-name="P5">{sex6}</text:p></table:table-cell><table:table-cell table:style-name="表格1.A2" table:value-type="string"><text:p text:style-name="P6">{tel6}</text:p></table:table-cell><table:table-cell table:style-name="表格1.A2" table:value-type="string"><text:p text:style-name="P6">{birth6}</text:p></table:table-cell><table:table-cell table:style-name="表格1.A2" table:value-type="string"><text:p text:style-name="P5">{da6}</text:p></table:table-cell><table:table-cell table:style-name="表格1.A2" table:value-type="string"><text:p text:style-name="P5">{add6}</text:p></table:table-cell><table:table-cell table:style-name="表格1.G2" table:value-type="string"><text:p text:style-name="P5">{class6}</text:p></table:table-cell></table:table-row><table:table-row table:style-name="表格1.3"><table:table-cell table:style-name="表格1.A2" table:value-type="string"><text:p text:style-name="P5">{name7}</text:p></table:table-cell><table:table-cell table:style-name="表格1.A2" table:value-type="string"><text:p text:style-name="P5">{sex7}</text:p></table:table-cell><table:table-cell table:style-name="表格1.A2" table:value-type="string"><text:p text:style-name="P6">{tel7}</text:p></table:table-cell><table:table-cell table:style-name="表格1.A2" table:value-type="string"><text:p text:style-name="P6">{birth7}</text:p></table:table-cell><table:table-cell table:style-name="表格1.A2" table:value-type="string"><text:p text:style-name="P5">{da7}</text:p></table:table-cell><table:table-cell table:style-name="表格1.A2" table:value-type="string"><text:p text:style-name="P5">{add7}</text:p></table:table-cell><table:table-cell table:style-name="表格1.G2" table:value-type="string"><text:p text:style-name="P5">{class7}</text:p></table:table-cell></table:table-row><table:table-row table:style-name="表格1.3"><table:table-cell table:style-name="表格1.A2" table:value-type="string"><text:p text:style-name="P5">{name8}</text:p></table:table-cell><table:table-cell table:style-name="表格1.A2" table:value-type="string"><text:p text:style-name="P5">{sex8}</text:p></table:table-cell><table:table-cell table:style-name="表格1.A2" table:value-type="string"><text:p text:style-name="P6">{tel8}</text:p></table:table-cell><table:table-cell table:style-name="表格1.A2" table:value-type="string"><text:p text:style-name="P6">{birth8}</text:p></table:table-cell><table:table-cell table:style-name="表格1.A2" table:value-type="string"><text:p text:style-name="P5">{da8}</text:p></table:table-cell><table:table-cell table:style-name="表格1.A2" table:value-type="string"><text:p text:style-name="P5">{add8}</text:p></table:table-cell><table:table-cell table:style-name="表格1.G2" table:value-type="string"><text:p text:style-name="P5">{class8}</text:p></table:table-cell></table:table-row><table:table-row table:style-name="表格1.3"><table:table-cell table:style-name="表格1.A2" table:value-type="string"><text:p text:style-name="P5">{name9}</text:p></table:table-cell><table:table-cell table:style-name="表格1.A2" table:value-type="string"><text:p text:style-name="P5">{sex9}</text:p></table:table-cell><table:table-cell table:style-name="表格1.A2" table:value-type="string"><text:p text:style-name="P6">{tel9}</text:p></table:table-cell><table:table-cell table:style-name="表格1.A2" table:value-type="string"><text:p text:style-name="P6">{birth9}</text:p></table:table-cell><table:table-cell table:style-name="表格1.A2" table:value-type="string"><text:p text:style-name="P5">{da9}</text:p></table:table-cell><table:table-cell table:style-name="表格1.A2" table:value-type="string"><text:p text:style-name="P5">{add9}</text:p></table:table-cell><table:table-cell table:style-name="表格1.G2" table:value-type="string"><text:p text:style-name="P5">{class9}</text:p></table:table-cell></table:table-row><table:table-row table:style-name="表格1.3"><table:table-cell table:style-name="表格1.A2" table:value-type="string"><text:p text:style-name="P5">{name10}</text:p></table:table-cell><table:table-cell table:style-name="表格1.A2" table:value-type="string"><text:p text:style-name="P5">{sex10}</text:p></table:table-cell><table:table-cell table:style-name="表格1.A2" table:value-type="string"><text:p text:style-name="P6">{tel10}</text:p></table:table-cell><table:table-cell table:style-name="表格1.A2" table:value-type="string"><text:p text:style-name="P6">{birth10}</text:p></table:table-cell><table:table-cell table:style-name="表格1.A2" table:value-type="string"><text:p text:style-name="P5">{da10}</text:p></table:table-cell><table:table-cell table:style-name="表格1.A2" table:value-type="string"><text:p text:style-name="P5">{add10}</text:p></table:table-cell><table:table-cell table:style-name="表格1.G2" table:value-type="string"><text:p text:style-name="P5">{class10}</text:p></table:table-cell></table:table-row><table:table-row table:style-name="表格1.3"><table:table-cell table:style-name="表格1.A2" table:value-type="string"><text:p text:style-name="P5">{name11}</text:p></table:table-cell><table:table-cell table:style-name="表格1.A2" table:value-type="string"><text:p text:style-name="P5">{sex11}</text:p></table:table-cell><table:table-cell table:style-name="表格1.A2" table:value-type="string"><text:p text:style-name="P6">{tel11}</text:p></table:table-cell><table:table-cell table:style-name="表格1.A2" table:value-type="string"><text:p text:style-name="P6">{birth11}</text:p></table:table-cell><table:table-cell table:style-name="表格1.A2" table:value-type="string"><text:p text:style-name="P5">{da11}</text:p></table:table-cell><table:table-cell table:style-name="表格1.A2" table:value-type="string"><text:p text:style-name="P5">{add11}</text:p></table:table-cell><table:table-cell table:style-name="表格1.G2" table:value-type="string"><text:p text:style-name="P5">{class11}</text:p></table:table-cell></table:table-row><table:table-row table:style-name="表格1.3"><table:table-cell table:style-name="表格1.A2" table:value-type="string"><text:p text:style-name="P5">{name12}</text:p></table:table-cell><table:table-cell table:style-name="表格1.A2" table:value-type="string"><text:p text:style-name="P5">{sex12}</text:p></table:table-cell><table:table-cell table:style-name="表格1.A2" table:value-type="string"><text:p text:style-name="P6">{tel12}</text:p></table:table-cell><table:table-cell table:style-name="表格1.A2" table:value-type="string"><text:p text:style-name="P6">{birth12}</text:p></table:table-cell><table:table-cell table:style-name="表格1.A2" table:value-type="string"><text:p text:style-name="P5">{da12}</text:p></table:table-cell><table:table-cell table:style-name="表格1.A2" table:value-type="string"><text:p text:style-name="P5">{add12}</text:p></table:table-cell><table:table-cell table:style-name="表格1.G2" table:value-type="string"><text:p text:style-name="P5">{class12}</text:p></table:table-cell></table:table-row><table:table-row table:style-name="表格1.3"><table:table-cell table:style-name="表格1.A2" table:value-type="string"><text:p text:style-name="P5">{name13}</text:p></table:table-cell><table:table-cell table:style-name="表格1.A2" table:value-type="string"><text:p text:style-name="P5">{sex13}</text:p></table:table-cell><table:table-cell table:style-name="表格1.A2" table:value-type="string"><text:p text:style-name="P6">{tel13}</text:p></table:table-cell><table:table-cell table:style-name="表格1.A2" table:value-type="string"><text:p text:style-name="P6">{birth13}</text:p></table:table-cell><table:table-cell table:style-name="表格1.A2" table:value-type="string"><text:p text:style-name="P5">{da13}</text:p></table:table-cell><table:table-cell table:style-name="表格1.A2" table:value-type="string"><text:p text:style-name="P5">{add13}</text:p></table:table-cell><table:table-cell table:style-name="表格1.G2" table:value-type="string"><text:p text:style-name="P5">{class13}</text:p></table:table-cell></table:table-row><table:table-row table:style-name="表格1.3"><table:table-cell table:style-name="表格1.A2" table:value-type="string"><text:p text:style-name="P5">{name14}</text:p></table:table-cell><table:table-cell table:style-name="表格1.A2" table:value-type="string"><text:p text:style-name="P5">{sex14}</text:p></table:table-cell><table:table-cell table:style-name="表格1.A2" table:value-type="string"><text:p text:style-name="P6">{tel14}</text:p></table:table-cell><table:table-cell table:style-name="表格1.A2" table:value-type="string"><text:p text:style-name="P6">{birth14}</text:p></table:table-cell><table:table-cell table:style-name="表格1.A2" table:value-type="string"><text:p text:style-name="P5">{da14}</text:p></table:table-cell><table:table-cell table:style-name="表格1.A2" table:value-type="string"><text:p text:style-name="P5">{add14}</text:p></table:table-cell><table:table-cell table:style-name="表格1.G2" table:value-type="string"><text:p text:style-name="P5">{class14}</text:p></table:table-cell></table:table-row><table:table-row table:style-name="表格1.3"><table:table-cell table:style-name="表格1.A2" table:value-type="string"><text:p text:style-name="P5">{name15}</text:p></table:table-cell><table:table-cell table:style-name="表格1.A2" table:value-type="string"><text:p text:style-name="P5">{sex15}</text:p></table:table-cell><table:table-cell table:style-name="表格1.A2" table:value-type="string"><text:p text:style-name="P6">{tel15}</text:p></table:table-cell><table:table-cell table:style-name="表格1.A2" table:value-type="string"><text:p text:style-name="P6">{birth15}</text:p></table:table-cell><table:table-cell table:style-name="表格1.A2" table:value-type="string"><text:p text:style-name="P5">{da15}</text:p></table:table-cell><table:table-cell table:style-name="表格1.A2" table:value-type="string"><text:p text:style-name="P5">{add15}</text:p></table:table-cell><table:table-cell table:style-name="表格1.G2" table:value-type="string"><text:p text:style-name="P5">{class15}</text:p></table:table-cell></table:table-row><table:table-row table:style-name="表格1.3"><table:table-cell table:style-name="表格1.A2" table:value-type="string"><text:p text:style-name="P5">{name16}</text:p></table:table-cell><table:table-cell table:style-name="表格1.A2" table:value-type="string"><text:p text:style-name="P5">{sex16}</text:p></table:table-cell><table:table-cell table:style-name="表格1.A2" table:value-type="string"><text:p text:style-name="P6">{tel16}</text:p></table:table-cell><table:table-cell table:style-name="表格1.A2" table:value-type="string"><text:p text:style-name="P6">{birth16}</text:p></table:table-cell><table:table-cell table:style-name="表格1.A2" table:value-type="string"><text:p text:style-name="P5">{da16}</text:p></table:table-cell><table:table-cell table:style-name="表格1.A2" table:value-type="string"><text:p text:style-name="P5">{add16}</text:p></table:table-cell><table:table-cell table:style-name="表格1.G2" table:value-type="string"><text:p text:style-name="P5">{class16}</text:p></table:table-cell></table:table-row><table:table-row table:style-name="表格1.3"><table:table-cell table:style-name="表格1.A2" table:value-type="string"><text:p text:style-name="P5">{name17}</text:p></table:table-cell><table:table-cell table:style-name="表格1.A2" table:value-type="string"><text:p text:style-name="P5">{sex17}</text:p></table:table-cell><table:table-cell table:style-name="表格1.A2" table:value-type="string"><text:p text:style-name="P6">{tel17}</text:p></table:table-cell><table:table-cell table:style-name="表格1.A2" table:value-type="string"><text:p text:style-name="P6">{birth17}</text:p></table:table-cell><table:table-cell table:style-name="表格1.A2" table:value-type="string"><text:p text:style-name="P5">{da17}</text:p></table:table-cell><table:table-cell table:style-name="表格1.A2" table:value-type="string"><text:p text:style-name="P5">{add17}</text:p></table:table-cell><table:table-cell table:style-name="表格1.G2" table:value-type="string"><text:p text:style-name="P5">{class17}</text:p></table:table-cell></table:table-row><table:table-row table:style-name="表格1.3"><table:table-cell table:style-name="表格1.A2" table:value-type="string"><text:p text:style-name="P5">{name18}</text:p></table:table-cell><table:table-cell table:style-name="表格1.A2" table:value-type="string"><text:p text:style-name="P5">{sex18}</text:p></table:table-cell><table:table-cell table:style-name="表格1.A2" table:value-type="string"><text:p text:style-name="P6">{tel18}</text:p></table:table-cell><table:table-cell table:style-name="表格1.A2" table:value-type="string"><text:p text:style-name="P6">{birth18}</text:p></table:table-cell><table:table-cell table:style-name="表格1.A2" table:value-type="string"><text:p text:style-name="P5">{da18}</text:p></table:table-cell><table:table-cell table:style-name="表格1.A2" table:value-type="string"><text:p text:style-name="P5">{add18}</text:p></table:table-cell><table:table-cell table:style-name="表格1.G2" table:value-type="string"><text:p text:style-name="P5">{class18}</text:p></table:table-cell></table:table-row><table:table-row table:style-name="表格1.3"><table:table-cell table:style-name="表格1.A2" table:value-type="string"><text:p text:style-name="P5">{name19}</text:p></table:table-cell><table:table-cell table:style-name="表格1.A2" table:value-type="string"><text:p text:style-name="P5">{sex19}</text:p></table:table-cell><table:table-cell table:style-name="表格1.A2" table:value-type="string"><text:p text:style-name="P6">{tel19}</text:p></table:table-cell><table:table-cell table:style-name="表格1.A2" table:value-type="string"><text:p text:style-name="P6">{birth19}</text:p></table:table-cell><table:table-cell table:style-name="表格1.A2" table:value-type="string"><text:p text:style-name="P5">{da19}</text:p></table:table-cell><table:table-cell table:style-name="表格1.A2" table:value-type="string"><text:p text:style-name="P5">{add19}</text:p></table:table-cell><table:table-cell table:style-name="表格1.G2" table:value-type="string"><text:p text:style-name="P5">{class19}</text:p></table:table-cell></table:table-row></table:table><text:p text:style-name="Standard"/></office:body></office:document-content>