<?xml version="1.0" encoding="UTF-8"?>
<!DOCTYPE office:document-meta PUBLIC "-//OpenOffice.org//DTD OfficeDocument 1.0//EN" "office.dtd"><office:document-meta xmlns:office="http://openoffice.org/2000/office" xmlns:xlink="http://www.w3.org/1999/xlink" xmlns:dc="http://purl.org/dc/elements/1.1/" xmlns:meta="http://openoffice.org/2000/meta" office:version="1.0"><office:meta><meta:generator>StarSuite 7 (Win32)</meta:generator><!--645m18(Build:8687),645m44(Build:8784),645m52(Build:8824),645m53(Build:8898)--><meta:creation-date>2005-05-11T13:47:42</meta:creation-date><dc:date>2005-05-11T15:09:49</dc:date><dc:language>en-US</dc:language><meta:editing-cycles>4</meta:editing-cycles><meta:editing-duration>PT48M50S</meta:editing-duration><meta:user-defined meta:name="Info 1"/><meta:user-defined meta:name="Info 2"/><meta:user-defined meta:name="Info 3"/><meta:user-defined meta:name="Info 4"/><meta:document-statistic meta:table-count="1" meta:image-count="0" meta:object-count="0" meta:page-count="1" meta:paragraph-count="142" meta:word-count="144" meta:character-count="973"/></office:meta></office:document-meta>