<?xml version="1.0" encoding="UTF-8"?>
<!DOCTYPE office:document-content PUBLIC "-//OpenOffice.org//DTD OfficeDocument 1.0//EN" "office.dtd"><office:document-content xmlns:office="http://openoffice.org/2000/office" xmlns:style="http://openoffice.org/2000/style" xmlns:text="http://openoffice.org/2000/text" xmlns:table="http://openoffice.org/2000/table" xmlns:draw="http://openoffice.org/2000/drawing" xmlns:fo="http://www.w3.org/1999/XSL/Format" xmlns:xlink="http://www.w3.org/1999/xlink" xmlns:number="http://openoffice.org/2000/datastyle" xmlns:svg="http://www.w3.org/2000/svg" xmlns:chart="http://openoffice.org/2000/chart" xmlns:dr3d="http://openoffice.org/2000/dr3d" xmlns:math="http://www.w3.org/1998/Math/MathML" xmlns:form="http://openoffice.org/2000/form" xmlns:script="http://openoffice.org/2000/script" office:class="text" office:version="1.0"><office:script/><office:font-decls><style:font-decl style:name="StarSymbol" fo:font-family="StarSymbol" style:font-charset="x-symbol"/><style:font-decl style:name="Tahoma1" fo:font-family="Tahoma"/><style:font-decl style:name="新細明體1" fo:font-family="新細明體"/><style:font-decl style:name="IDAutomationHC39M" fo:font-family="IDAutomationHC39M" style:font-family-generic="modern" style:font-pitch="fixed"/><style:font-decl style:name="標楷體" fo:font-family="標楷體" style:font-family-generic="script" style:font-pitch="fixed"/><style:font-decl style:name="Tahoma" fo:font-family="Tahoma" style:font-pitch="variable"/><style:font-decl style:name="Bitstream Vera Serif" fo:font-family="&apos;Bitstream Vera Serif&apos;" style:font-family-generic="roman" style:font-pitch="variable"/><style:font-decl style:name="Times New Roman" fo:font-family="&apos;Times New Roman&apos;" style:font-family-generic="roman" style:font-pitch="variable"/><style:font-decl style:name="新細明體" fo:font-family="新細明體" style:font-family-generic="roman" style:font-pitch="variable"/><style:font-decl style:name="Arial" fo:font-family="Arial" style:font-family-generic="swiss" style:font-pitch="variable"/></office:font-decls><office:automatic-styles><style:style style:name="Table4" style:family="table" style:master-page-name=""><style:properties style:width="19.417cm" style:page-number="0" fo:break-before="page" table:align="margins"/></style:style><style:style style:name="Table4.A" style:family="table-column"><style:properties style:column-width="14.009cm" style:rel-column-width="47281*"/></style:style><style:style style:name="Table4.B" style:family="table-column"><style:properties style:column-width="5.408cm" style:rel-column-width="18254*"/></style:style><style:style style:name="Table4.A1" style:family="table-cell"><style:properties fo:padding="0.097cm" fo:border="none"/></style:style><style:style style:name="Table4.B1" style:family="table-cell"><style:properties fo:vertical-align="middle" fo:padding="0.097cm" fo:border="none"/></style:style><style:style style:name="Table5" style:family="table" style:master-page-name=""><style:properties style:width="19.417cm" style:rel-width="100%" style:page-number="0" table:align="left"/></style:style><style:style style:name="Table5.A" style:family="table-column"><style:properties style:column-width="9.338cm" style:rel-column-width="5044*"/></style:style><style:style style:name="Table5.B" style:family="table-column"><style:properties style:column-width="0.212cm" style:rel-column-width="114*"/></style:style><style:style style:name="Table5.C" style:family="table-column"><style:properties style:column-width="9.869cm" style:rel-column-width="5331*"/></style:style><style:style style:name="Table5.A1.1" style:family="table-column"><style:properties style:column-width="0.758cm" style:rel-column-width="410*"/></style:style><style:style style:name="Table5.A1.2" style:family="table-column"><style:properties style:column-width="5.352cm" style:rel-column-width="2891*"/></style:style><style:style style:name="Table5.A1.3" style:family="table-column"><style:properties style:column-width="1.358cm" style:rel-column-width="734*"/></style:style><style:style style:name="Table5.A1.4" style:family="table-column"><style:properties style:column-width="1.868cm" style:rel-column-width="1009*"/></style:style><style:style style:name="Table5.A1.1.1" style:family="table-cell"><style:properties fo:vertical-align="middle" fo:background-color="#ffffcc" fo:padding="0.097cm" fo:border-left="0.035cm solid #000000" fo:border-right="none" fo:border-top="0.035cm solid #000000" fo:border-bottom="0.002cm solid #000000"><style:background-image/></style:properties></style:style><style:style style:name="Table5.A1.2.1" style:family="table-cell"><style:properties fo:vertical-align="middle" fo:background-color="#ffffcc" fo:padding="0.097cm" fo:border-left="0.002cm solid #000000" fo:border-right="none" fo:border-top="0.035cm solid #000000" fo:border-bottom="0.002cm solid #000000"><style:background-image/></style:properties></style:style><style:style style:name="Table5.A1.4.1" style:family="table-cell"><style:properties fo:vertical-align="middle" fo:background-color="#ffffcc" fo:padding="0.097cm" fo:border-left="0.002cm solid #000000" fo:border-right="0.035cm solid #000000" fo:border-top="0.035cm solid #000000" fo:border-bottom="0.002cm solid #000000"><style:background-image/></style:properties></style:style><style:style style:name="Table5.A1.1.2" style:family="table-cell"><style:properties fo:vertical-align="middle" fo:background-color="#ffffcc" fo:padding="0.097cm" fo:border-left="0.035cm solid #000000" fo:border-right="none" fo:border-top="none" fo:border-bottom="0.002cm solid #000000"><style:background-image/></style:properties></style:style><style:style style:name="Table5.A1.2.2" style:family="table-cell"><style:properties fo:vertical-align="middle" fo:padding="0.097cm" fo:border-left="0.002cm solid #000000" fo:border-right="none" fo:border-top="none" fo:border-bottom="0.002cm solid #000000"/></style:style><style:style style:name="Table5.A1.4.2" style:family="table-cell"><style:properties fo:vertical-align="middle" fo:padding="0.097cm" fo:border-left="0.002cm solid #000000" fo:border-right="0.035cm solid #000000" fo:border-top="none" fo:border-bottom="0.002cm solid #000000"/></style:style><style:style style:name="Table5.A1.1.11" style:family="table-cell"><style:properties fo:vertical-align="middle" fo:background-color="#ffffcc" fo:padding="0.097cm" fo:border-left="0.035cm solid #000000" fo:border-right="none" fo:border-top="none" fo:border-bottom="0.035cm solid #000000"><style:background-image/></style:properties></style:style><style:style style:name="Table5.A1.4.11" style:family="table-cell"><style:properties fo:vertical-align="middle" fo:padding="0.097cm" fo:border-left="0.002cm solid #000000" fo:border-right="0.035cm solid #000000" fo:border-top="none" fo:border-bottom="0.035cm solid #000000"/></style:style><style:style style:name="Table5.B1" style:family="table-cell"><style:properties fo:vertical-align="middle" fo:padding="0.097cm" fo:border="none"/></style:style><style:style style:name="Table5.C1.1.1" style:family="table-cell"><style:properties fo:vertical-align="middle" fo:background-color="#ffffcc" fo:padding="0.097cm" fo:border-left="0.035cm solid #000000" fo:border-right="0.035cm solid #000000" fo:border-top="0.035cm solid #000000" fo:border-bottom="0.002cm solid #000000"><style:background-image/></style:properties></style:style><style:style style:name="Table5.C1.1.2" style:family="table-cell"><style:properties fo:vertical-align="middle" fo:background-color="#ffffff" fo:padding="0.097cm" fo:border-left="0.035cm solid #000000" fo:border-right="0.035cm solid #000000" fo:border-top="none" fo:border-bottom="0.002cm solid #000000"><style:background-image/></style:properties></style:style><style:style style:name="Table5.C1.1.3" style:family="table-cell"><style:properties fo:background-color="#ffffcc" fo:padding="0.097cm" fo:border-left="0.035cm solid #000000" fo:border-right="0.035cm solid #000000" fo:border-top="none" fo:border-bottom="0.035cm solid #000000"><style:background-image/></style:properties></style:style><style:style style:name="Table6" style:family="table" style:master-page-name=""><style:properties style:width="19.417cm" style:rel-width="100%" style:page-number="0" table:align="left"/></style:style><style:style style:name="Table6.A" style:family="table-column"><style:properties style:column-width="19.417cm" style:rel-column-width="10488*"/></style:style><style:style style:name="Table6.1" style:family="table-row"><style:properties style:min-row-height="0.011cm"/></style:style><style:style style:name="Table6.A1" style:family="table-cell"><style:properties fo:vertical-align="middle" fo:background-color="#ffffff" fo:padding="0.097cm" fo:border="none"><style:background-image/></style:properties></style:style><style:style style:name="Table7" style:family="table" style:master-page-name=""><style:properties style:width="19.417cm" style:page-number="0" fo:break-before="page" table:align="margins"/></style:style><style:style style:name="Table7.A" style:family="table-column"><style:properties style:column-width="14.009cm" style:rel-column-width="47281*"/></style:style><style:style style:name="Table7.B" style:family="table-column"><style:properties style:column-width="5.408cm" style:rel-column-width="18254*"/></style:style><style:style style:name="Table7.A1" style:family="table-cell"><style:properties fo:padding="0.097cm" fo:border="none"/></style:style><style:style style:name="Table7.B1" style:family="table-cell"><style:properties fo:vertical-align="middle" fo:padding="0.097cm" fo:border="none"/></style:style><style:style style:name="Table9" style:family="table" style:master-page-name=""><style:properties style:width="19.417cm" style:rel-width="100%" style:page-number="0" table:align="left"/></style:style><style:style style:name="Table9.A" style:family="table-column"><style:properties style:column-width="9.338cm" style:rel-column-width="5044*"/></style:style><style:style style:name="Table9.B" style:family="table-column"><style:properties style:column-width="0.212cm" style:rel-column-width="114*"/></style:style><style:style style:name="Table9.C" style:family="table-column"><style:properties style:column-width="9.869cm" style:rel-column-width="5331*"/></style:style><style:style style:name="Table9.A1.1" style:family="table-column"><style:properties style:column-width="0.758cm" style:rel-column-width="410*"/></style:style><style:style style:name="Table9.A1.2" style:family="table-column"><style:properties style:column-width="5.352cm" style:rel-column-width="2891*"/></style:style><style:style style:name="Table9.A1.3" style:family="table-column"><style:properties style:column-width="1.358cm" style:rel-column-width="734*"/></style:style><style:style style:name="Table9.A1.4" style:family="table-column"><style:properties style:column-width="1.868cm" style:rel-column-width="1009*"/></style:style><style:style style:name="Table9.A1.1.1" style:family="table-cell"><style:properties fo:vertical-align="middle" fo:background-color="#ffffcc" fo:padding="0.097cm" fo:border-left="0.035cm solid #000000" fo:border-right="none" fo:border-top="0.035cm solid #000000" fo:border-bottom="0.002cm solid #000000"><style:background-image/></style:properties></style:style><style:style style:name="Table9.A1.2.1" style:family="table-cell"><style:properties fo:vertical-align="middle" fo:background-color="#ffffcc" fo:padding="0.097cm" fo:border-left="0.002cm solid #000000" fo:border-right="none" fo:border-top="0.035cm solid #000000" fo:border-bottom="0.002cm solid #000000"><style:background-image/></style:properties></style:style><style:style style:name="Table9.A1.4.1" style:family="table-cell"><style:properties fo:vertical-align="middle" fo:background-color="#ffffcc" fo:padding="0.097cm" fo:border-left="0.002cm solid #000000" fo:border-right="0.035cm solid #000000" fo:border-top="0.035cm solid #000000" fo:border-bottom="0.002cm solid #000000"><style:background-image/></style:properties></style:style><style:style style:name="Table9.A1.1.2" style:family="table-cell"><style:properties fo:vertical-align="middle" fo:background-color="#ffffcc" fo:padding="0.097cm" fo:border-left="0.035cm solid #000000" fo:border-right="none" fo:border-top="none" fo:border-bottom="0.002cm solid #000000"><style:background-image/></style:properties></style:style><style:style style:name="Table9.A1.2.2" style:family="table-cell"><style:properties fo:vertical-align="middle" fo:padding="0.097cm" fo:border-left="0.002cm solid #000000" fo:border-right="none" fo:border-top="none" fo:border-bottom="0.002cm solid #000000"/></style:style><style:style style:name="Table9.A1.4.2" style:family="table-cell"><style:properties fo:vertical-align="middle" fo:padding="0.097cm" fo:border-left="0.002cm solid #000000" fo:border-right="0.035cm solid #000000" fo:border-top="none" fo:border-bottom="0.002cm solid #000000"/></style:style><style:style style:name="Table9.A1.1.11" style:family="table-cell"><style:properties fo:vertical-align="middle" fo:background-color="#ffffcc" fo:padding="0.097cm" fo:border-left="0.035cm solid #000000" fo:border-right="none" fo:border-top="none" fo:border-bottom="0.035cm solid #000000"><style:background-image/></style:properties></style:style><style:style style:name="Table9.A1.4.11" style:family="table-cell"><style:properties fo:vertical-align="middle" fo:padding="0.097cm" fo:border-left="0.002cm solid #000000" fo:border-right="0.035cm solid #000000" fo:border-top="none" fo:border-bottom="0.035cm solid #000000"/></style:style><style:style style:name="Table9.B1" style:family="table-cell"><style:properties fo:vertical-align="middle" fo:padding="0.097cm" fo:border="none"/></style:style><style:style style:name="Table9.C1.1.1" style:family="table-cell"><style:properties fo:vertical-align="middle" fo:background-color="#ffffcc" fo:padding="0.097cm" fo:border-left="0.035cm solid #000000" fo:border-right="0.035cm solid #000000" fo:border-top="0.035cm solid #000000" fo:border-bottom="0.002cm solid #000000"><style:background-image/></style:properties></style:style><style:style style:name="Table9.C1.1.2" style:family="table-cell"><style:properties fo:vertical-align="middle" fo:background-color="#ffffff" fo:padding="0.097cm" fo:border-left="0.035cm solid #000000" fo:border-right="0.035cm solid #000000" fo:border-top="none" fo:border-bottom="0.002cm solid #000000"><style:background-image/></style:properties></style:style><style:style style:name="Table9.C1.1.3" style:family="table-cell"><style:properties fo:background-color="#ffffcc" fo:padding="0.097cm" fo:border-left="0.035cm solid #000000" fo:border-right="0.035cm solid #000000" fo:border-top="none" fo:border-bottom="0.035cm solid #000000"><style:background-image/></style:properties></style:style><style:style style:name="Table10" style:family="table" style:master-page-name=""><style:properties style:width="19.417cm" style:rel-width="100%" style:page-number="0" table:align="left"/></style:style><style:style style:name="Table10.A" style:family="table-column"><style:properties style:column-width="19.417cm" style:rel-column-width="10488*"/></style:style><style:style style:name="Table10.1" style:family="table-row"><style:properties style:min-row-height="0.011cm"/></style:style><style:style style:name="Table10.A1" style:family="table-cell"><style:properties fo:vertical-align="middle" fo:background-color="#ffffff" fo:padding="0.097cm" fo:border="none"><style:background-image/></style:properties></style:style><style:style style:name="Table8" style:family="table"><style:properties style:width="19.417cm" table:align="margins"/></style:style><style:style style:name="Table8.A" style:family="table-column"><style:properties style:column-width="15.023cm" style:rel-column-width="50707*"/></style:style><style:style style:name="Table8.B" style:family="table-column"><style:properties style:column-width="4.394cm" style:rel-column-width="14828*"/></style:style><style:style style:name="Table8.A1" style:family="table-cell"><style:properties fo:vertical-align="middle" fo:background-color="transparent" fo:padding="0.097cm" fo:border="none"><style:background-image/></style:properties></style:style><style:style style:name="Table8.B1" style:family="table-cell"><style:properties fo:vertical-align="middle" fo:padding="0.097cm" fo:border="none"/></style:style><style:style style:name="Table11" style:family="table"><style:properties style:width="19.417cm" style:rel-width="100%" table:align="left"/></style:style><style:style style:name="Table11.A" style:family="table-column"><style:properties style:column-width="4.18cm" style:rel-column-width="2319*"/></style:style><style:style style:name="Table11.B" style:family="table-column"><style:properties style:column-width="0.236cm" style:rel-column-width="131*"/></style:style><style:style style:name="Table11.C" style:family="table-column"><style:properties style:column-width="4.881cm" style:rel-column-width="2707*"/></style:style><style:style style:name="Table11.E" style:family="table-column"><style:properties style:column-width="9.885cm" style:rel-column-width="5483*"/></style:style><style:style style:name="Table11.A1.1" style:family="table-column"><style:properties style:column-width="1.526cm" style:rel-column-width="846*"/></style:style><style:style style:name="Table11.A1.2" style:family="table-column"><style:properties style:column-width="2.655cm" style:rel-column-width="1473*"/></style:style><style:style style:name="Table11.A1.1.1" style:family="table-cell"><style:properties fo:vertical-align="middle" fo:background-color="#ffffcc" fo:padding="0.097cm" fo:border-left="0.035cm solid #000000" fo:border-right="none" fo:border-top="0.035cm solid #000000" fo:border-bottom="0.002cm solid #000000"><style:background-image/></style:properties></style:style><style:style style:name="Table11.A1.2.1" style:family="table-cell"><style:properties fo:vertical-align="middle" fo:background-color="transparent" fo:padding="0.097cm" fo:border-left="0.002cm solid #000000" fo:border-right="0.035cm solid #000000" fo:border-top="0.035cm solid #000000" fo:border-bottom="0.002cm solid #000000"><style:background-image/></style:properties></style:style><style:style style:name="Table11.A1.1.2" style:family="table-cell"><style:properties fo:vertical-align="middle" fo:background-color="#ffffcc" fo:padding="0.097cm" fo:border-left="0.035cm solid #000000" fo:border-right="none" fo:border-top="none" fo:border-bottom="0.002cm solid #000000"><style:background-image/></style:properties></style:style><style:style style:name="Table11.A1.2.2" style:family="table-cell"><style:properties fo:vertical-align="middle" fo:padding="0.097cm" fo:border-left="0.002cm solid #000000" fo:border-right="0.035cm solid #000000" fo:border-top="none" fo:border-bottom="0.002cm solid #000000"/></style:style><style:style style:name="Table11.A1.1.5" style:family="table-cell"><style:properties fo:vertical-align="middle" fo:background-color="#ffffcc" fo:padding="0.097cm" fo:border-left="0.035cm solid #000000" fo:border-right="none" fo:border-top="none" fo:border-bottom="0.035cm solid #000000"><style:background-image/></style:properties></style:style><style:style style:name="Table11.A1.2.5" style:family="table-cell"><style:properties fo:vertical-align="middle" fo:padding="0.097cm" fo:border-left="0.002cm solid #000000" fo:border-right="0.035cm solid #000000" fo:border-top="none" fo:border-bottom="0.035cm solid #000000"/></style:style><style:style style:name="Table11.B1" style:family="table-cell"><style:properties fo:vertical-align="middle" fo:background-color="transparent" fo:padding="0.097cm" fo:border="none"><style:background-image/></style:properties></style:style><style:style style:name="Table11.C1.1" style:family="table-column"><style:properties style:column-width="0.968cm" style:rel-column-width="537*"/></style:style><style:style style:name="Table11.C1.2" style:family="table-column"><style:properties style:column-width="3.912cm" style:rel-column-width="2170*"/></style:style><style:style style:name="Table11.C1.2.2" style:family="table-cell"><style:properties fo:vertical-align="middle" fo:background-color="transparent" fo:padding="0.097cm" fo:border-left="0.002cm solid #000000" fo:border-right="0.035cm solid #000000" fo:border-top="none" fo:border-bottom="0.035cm solid #000000"><style:background-image/></style:properties></style:style><style:style style:name="Table11.D1" style:family="table-cell"><style:properties fo:vertical-align="middle" fo:padding="0.097cm" fo:border="none"/></style:style><style:style style:name="Table11.E1.1.1" style:family="table-cell"><style:properties fo:vertical-align="middle" fo:background-color="#ffffff" fo:padding="0.097cm" fo:border-left="0.035cm solid #000000" fo:border-right="0.035cm solid #000000" fo:border-top="0.035cm solid #000000" fo:border-bottom="0.002cm solid #000000"><style:background-image/></style:properties></style:style><style:style style:name="Table11.E1.1.2" style:family="table-cell"><style:properties fo:background-color="#ffffcc" fo:padding="0.097cm" fo:border-left="0.035cm solid #000000" fo:border-right="0.035cm solid #000000" fo:border-top="none" fo:border-bottom="0.035cm solid #000000"><style:background-image/></style:properties></style:style><style:style style:name="Table12" style:family="table" style:master-page-name=""><style:properties style:width="19.417cm" style:rel-width="100%" style:page-number="0" table:align="left"/></style:style><style:style style:name="Table12.A" style:family="table-column"><style:properties style:column-width="19.417cm" style:rel-column-width="10488*"/></style:style><style:style style:name="Table12.1" style:family="table-row"><style:properties style:min-row-height="0.011cm"/></style:style><style:style style:name="Table12.A1" style:family="table-cell"><style:properties fo:vertical-align="middle" fo:background-color="#ffffff" fo:padding="0.097cm" fo:border="none"><style:background-image/></style:properties></style:style><style:style style:name="Table1" style:family="table" style:master-page-name=""><style:properties style:width="19.417cm" style:page-number="0" fo:break-before="page" table:align="margins"/></style:style><style:style style:name="Table1.A" style:family="table-column"><style:properties style:column-width="14.972cm" style:rel-column-width="50532*"/></style:style><style:style style:name="Table1.B" style:family="table-column"><style:properties style:column-width="4.445cm" style:rel-column-width="15003*"/></style:style><style:style style:name="Table1.A1" style:family="table-cell"><style:properties fo:padding="0.097cm" fo:border="none"/></style:style><style:style style:name="Table1.B1" style:family="table-cell"><style:properties fo:vertical-align="middle" fo:padding="0.097cm" fo:border="none"/></style:style><style:style style:name="Table2" style:family="table" style:master-page-name=""><style:properties style:width="19.417cm" style:rel-width="100%" style:page-number="0" table:align="left" fo:keep-with-next="true"/></style:style><style:style style:name="Table2.A" style:family="table-column"><style:properties style:column-width="9.338cm" style:rel-column-width="5044*"/></style:style><style:style style:name="Table2.B" style:family="table-column"><style:properties style:column-width="0.212cm" style:rel-column-width="114*"/></style:style><style:style style:name="Table2.C" style:family="table-column"><style:properties style:column-width="9.869cm" style:rel-column-width="5331*"/></style:style><style:style style:name="Table2.A1.1" style:family="table-column"><style:properties style:column-width="0.758cm" style:rel-column-width="410*"/></style:style><style:style style:name="Table2.A1.2" style:family="table-column"><style:properties style:column-width="5.352cm" style:rel-column-width="2891*"/></style:style><style:style style:name="Table2.A1.3" style:family="table-column"><style:properties style:column-width="1.358cm" style:rel-column-width="734*"/></style:style><style:style style:name="Table2.A1.4" style:family="table-column"><style:properties style:column-width="1.868cm" style:rel-column-width="1009*"/></style:style><style:style style:name="Table2.A1.1.1" style:family="table-cell"><style:properties fo:vertical-align="middle" fo:background-color="#ffffcc" fo:padding="0.097cm" fo:border-left="0.035cm solid #000000" fo:border-right="none" fo:border-top="0.035cm solid #000000" fo:border-bottom="0.002cm solid #000000"><style:background-image/></style:properties></style:style><style:style style:name="Table2.A1.2.1" style:family="table-cell"><style:properties fo:vertical-align="middle" fo:background-color="#ffffcc" fo:padding="0.097cm" fo:border-left="0.002cm solid #000000" fo:border-right="none" fo:border-top="0.035cm solid #000000" fo:border-bottom="0.002cm solid #000000"><style:background-image/></style:properties></style:style><style:style style:name="Table2.A1.4.1" style:family="table-cell"><style:properties fo:vertical-align="middle" fo:background-color="#ffffcc" fo:padding="0.097cm" fo:border-left="0.002cm solid #000000" fo:border-right="0.035cm solid #000000" fo:border-top="0.035cm solid #000000" fo:border-bottom="0.002cm solid #000000"><style:background-image/></style:properties></style:style><style:style style:name="Table2.A1.1.2" style:family="table-cell"><style:properties fo:vertical-align="middle" fo:background-color="#ffffcc" fo:padding="0.097cm" fo:border-left="0.035cm solid #000000" fo:border-right="none" fo:border-top="none" fo:border-bottom="0.002cm solid #000000"><style:background-image/></style:properties></style:style><style:style style:name="Table2.A1.2.2" style:family="table-cell"><style:properties fo:vertical-align="middle" fo:padding="0.097cm" fo:border-left="0.002cm solid #000000" fo:border-right="none" fo:border-top="none" fo:border-bottom="0.002cm solid #000000"/></style:style><style:style style:name="Table2.A1.4.2" style:family="table-cell"><style:properties fo:vertical-align="middle" fo:padding="0.097cm" fo:border-left="0.002cm solid #000000" fo:border-right="0.035cm solid #000000" fo:border-top="none" fo:border-bottom="0.002cm solid #000000"/></style:style><style:style style:name="Table2.A1.1.11" style:family="table-cell"><style:properties fo:vertical-align="middle" fo:background-color="#ffffcc" fo:padding="0.097cm" fo:border-left="0.035cm solid #000000" fo:border-right="none" fo:border-top="none" fo:border-bottom="0.035cm solid #000000"><style:background-image/></style:properties></style:style><style:style style:name="Table2.A1.4.11" style:family="table-cell"><style:properties fo:vertical-align="middle" fo:padding="0.097cm" fo:border-left="0.002cm solid #000000" fo:border-right="0.035cm solid #000000" fo:border-top="none" fo:border-bottom="0.035cm solid #000000"/></style:style><style:style style:name="Table2.B1" style:family="table-cell"><style:properties fo:vertical-align="middle" fo:padding="0.097cm" fo:border="none"/></style:style><style:style style:name="Table2.C1.1.1" style:family="table-cell"><style:properties fo:vertical-align="middle" fo:background-color="#ffffcc" fo:padding="0.097cm" fo:border-left="0.035cm solid #000000" fo:border-right="0.035cm solid #000000" fo:border-top="0.035cm solid #000000" fo:border-bottom="0.002cm solid #000000"><style:background-image/></style:properties></style:style><style:style style:name="Table2.C1.1.2" style:family="table-cell"><style:properties fo:vertical-align="middle" fo:background-color="#ffffff" fo:padding="0.097cm" fo:border-left="0.035cm solid #000000" fo:border-right="0.035cm solid #000000" fo:border-top="none" fo:border-bottom="0.002cm solid #000000"><style:background-image/></style:properties></style:style><style:style style:name="Table2.C1.1.3" style:family="table-cell"><style:properties fo:background-color="#ffffcc" fo:padding="0.097cm" fo:border-left="0.035cm solid #000000" fo:border-right="0.035cm solid #000000" fo:border-top="none" fo:border-bottom="0.035cm solid #000000"><style:background-image/></style:properties></style:style><style:style style:name="Table3" style:family="table" style:master-page-name=""><style:properties style:width="19.417cm" style:rel-width="100%" style:page-number="0" table:align="left"/></style:style><style:style style:name="Table3.A" style:family="table-column"><style:properties style:column-width="19.417cm" style:rel-column-width="10488*"/></style:style><style:style style:name="Table3.1" style:family="table-row"><style:properties style:min-row-height="0.011cm"/></style:style><style:style style:name="Table3.A1" style:family="table-cell"><style:properties fo:vertical-align="middle" fo:background-color="#ffffff" fo:padding="0.097cm" fo:border="none"><style:background-image/></style:properties></style:style><style:style style:name="P1" style:family="paragraph" style:parent-style-name="Table Contents"><style:properties fo:margin-top="0cm" fo:margin-bottom="0cm" style:font-name="標楷體" fo:font-size="12pt" style:font-name-asian="標楷體" style:font-size-asian="12pt" style:font-size-complex="12pt" fo:text-align="center" fo:text-align-last="justify" style:justify-single-word="false"/></style:style><style:style style:name="P2" style:family="paragraph" style:parent-style-name="Table Contents"><style:properties fo:margin-top="0cm" fo:margin-bottom="0cm" style:font-name="標楷體" fo:font-size="10pt" style:font-name-asian="標楷體" style:font-size-asian="10pt" style:font-size-complex="10pt" fo:text-align="center" fo:text-align-last="justify" style:justify-single-word="false"/></style:style><style:style style:name="P3" style:family="paragraph" style:parent-style-name="Table Contents"><style:properties fo:margin-top="0cm" fo:margin-bottom="0cm" style:font-name="標楷體" fo:font-size="10pt" style:font-name-asian="標楷體" style:font-size-asian="10pt" style:font-size-complex="10pt" fo:text-align="center" fo:text-align-last="justify" style:justify-single-word="false" fo:background-color="transparent" style:vertical-align="bottom"><style:background-image/></style:properties></style:style><style:style style:name="P4" style:family="paragraph" style:parent-style-name="Table Contents"><style:properties fo:margin-top="0cm" fo:margin-bottom="0cm" style:font-name="標楷體" fo:font-size="9pt" style:font-name-asian="標楷體" style:font-size-asian="9pt" style:font-size-complex="9pt" fo:text-align="center" fo:text-align-last="justify" style:justify-single-word="false" fo:background-color="transparent" style:vertical-align="bottom"><style:background-image/></style:properties></style:style><style:style style:name="P5" style:family="paragraph" style:parent-style-name="Table Contents"><style:properties style:font-name="新細明體" fo:font-size="8pt" style:font-name-asian="新細明體" style:font-size-asian="8pt" style:font-size-complex="8pt" fo:text-align="center" fo:text-align-last="justify" style:justify-single-word="false"/></style:style><style:style style:name="P6" style:family="paragraph" style:parent-style-name="Table Contents"><style:properties fo:margin-top="0cm" fo:margin-bottom="0cm" style:font-name="新細明體" fo:font-size="8pt" style:font-name-asian="新細明體" style:font-size-asian="8pt" style:font-size-complex="8pt" fo:text-align="center" fo:text-align-last="justify" style:justify-single-word="false"/></style:style><style:style style:name="P7" style:family="paragraph" style:parent-style-name="Table Contents"><style:properties fo:margin-left="0.048cm" fo:margin-right="0cm" fo:margin-top="0cm" fo:margin-bottom="0cm" style:font-name="新細明體" fo:font-size="8pt" style:font-name-asian="新細明體" style:font-size-asian="8pt" style:font-size-complex="8pt" fo:text-align="start" fo:text-align-last="justify" style:justify-single-word="false" fo:text-indent="0cm" style:auto-text-indent="false"/></style:style><style:style style:name="P8" style:family="paragraph" style:parent-style-name="Table Contents"><style:properties fo:font-size="9pt" style:font-size-asian="9pt" style:font-size-complex="9pt" fo:text-align="center" fo:text-align-last="justify" style:justify-single-word="false"/></style:style><style:style style:name="P9" style:family="paragraph" style:parent-style-name="Text body" style:list-style-name="L1"><style:properties fo:margin-left="-0.554cm" fo:margin-right="-0.002cm" fo:margin-top="0cm" fo:margin-bottom="0cm" style:font-name="標楷體" fo:font-size="9pt" style:font-name-asian="標楷體" style:font-size-asian="9pt" style:font-size-complex="9pt" fo:text-align="start" fo:text-align-last="justify" style:justify-single-word="false" fo:text-indent="0cm" style:auto-text-indent="false"/></style:style><style:style style:name="P10" style:family="paragraph" style:parent-style-name="Table Contents"><style:properties fo:margin-left="0cm" fo:margin-right="0.192cm" fo:margin-top="0cm" fo:margin-bottom="0cm" style:font-name="IDAutomationHC39M" fo:font-size="10pt" style:font-name-asian="IDAutomationHC39M" style:font-size-asian="10pt" style:font-size-complex="10pt" fo:text-align="center" fo:text-align-last="justify" style:justify-single-word="false" fo:text-indent="0cm" style:auto-text-indent="false" fo:background-color="transparent" style:vertical-align="bottom"><style:background-image/></style:properties></style:style><style:style style:name="P11" style:family="paragraph" style:parent-style-name="Table Contents"><style:properties fo:margin-top="0cm" fo:margin-bottom="0cm" fo:text-align="start" fo:text-align-last="justify" style:justify-single-word="false" fo:background-color="transparent"><style:background-image/></style:properties></style:style><style:style style:name="P12" style:family="paragraph" style:parent-style-name="Text body"><style:properties fo:margin-top="0cm" fo:margin-bottom="0cm" style:font-name="標楷體" fo:font-size="11pt" style:font-name-asian="標楷體" style:font-size-asian="11pt" style:font-size-complex="11pt" fo:text-align="center" fo:text-align-last="justify" style:justify-single-word="false"/></style:style><style:style style:name="P13" style:family="paragraph" style:parent-style-name="Text body"><style:properties fo:margin-top="0cm" fo:margin-bottom="0cm" fo:font-size="10pt" style:font-name-asian="標楷體" style:font-size-asian="10pt" style:font-size-complex="10pt" fo:text-align="center" fo:text-align-last="justify" style:justify-single-word="false"/></style:style><style:style style:name="P14" style:family="paragraph" style:parent-style-name="Table Contents"><style:properties fo:margin-top="0cm" fo:margin-bottom="0cm" style:font-name="標楷體" fo:font-size="8pt" style:font-name-asian="標楷體" style:font-size-asian="8pt" style:font-size-complex="8pt" fo:text-align="center" fo:text-align-last="justify" style:justify-single-word="false"/></style:style><style:style style:name="P15" style:family="paragraph" style:parent-style-name="Table Contents"><style:properties fo:margin-top="0cm" fo:margin-bottom="0cm" style:font-name="Bitstream Vera Serif" fo:font-size="16pt" style:font-name-asian="標楷體" style:font-size-asian="16pt" style:font-size-complex="16pt" fo:text-align="center" fo:text-align-last="justify" style:justify-single-word="false"/></style:style><style:style style:name="P16" style:family="paragraph" style:parent-style-name="Table Contents"><style:properties fo:margin-top="0cm" fo:margin-bottom="0cm" fo:font-size="10pt" style:font-name-asian="標楷體" style:font-size-asian="10pt" style:font-size-complex="10pt" fo:text-align="center" fo:text-align-last="justify" style:justify-single-word="false"/></style:style><style:style style:name="P17" style:family="paragraph" style:parent-style-name="Table Contents"><style:properties fo:margin-left="0cm" fo:margin-right="0.192cm" fo:margin-top="0cm" fo:margin-bottom="0cm" style:font-name="IDAutomationHC39M" fo:font-size="9pt" style:font-name-asian="標楷體" style:font-size-asian="9pt" style:font-size-complex="9pt" fo:text-align="start" fo:text-align-last="justify" style:justify-single-word="false" fo:text-indent="0cm" style:auto-text-indent="false" fo:background-color="transparent" style:vertical-align="bottom"><style:background-image/></style:properties></style:style><style:style style:name="T1" style:family="text"><style:properties fo:font-size="9pt" style:font-name-asian="標楷體" style:font-size-asian="9pt" style:font-size-complex="9pt"/></style:style><style:style style:name="T2" style:family="text"><style:properties style:font-name="IDAutomationHC39M" fo:font-size="9pt" style:font-name-asian="標楷體" style:font-size-asian="9pt" style:font-size-complex="9pt"/></style:style><style:style style:name="T3" style:family="text"><style:properties style:text-position="super 58%" fo:font-size="12pt" style:font-size-asian="12pt" style:font-size-complex="12pt"/></style:style><style:style style:name="fr1" style:family="graphics" style:parent-style-name="Frameformat"><style:properties style:protect="size" style:wrap="parallel" style:number-wrapped-paragraphs="no-limit" style:vertical-pos="top" style:vertical-rel="baseline" style:horizontal-pos="left" style:horizontal-rel="paragraph" fo:background-color="transparent" style:background-transparency="100%" fo:padding="0.12cm" fo:border-left="0.002cm solid #e6e6e6" fo:border-right="0.002cm solid #e6e6e6" fo:border-top="0.002cm solid #e6e6e6" fo:border-bottom="0.002cm solid #000080"><style:background-image/><style:columns fo:column-count="0" fo:column-gap="0cm"/></style:properties></style:style><style:style style:name="fr2" style:family="graphics" style:parent-style-name="Frameformat"><style:properties style:protect="size" style:wrap="parallel" style:number-wrapped-paragraphs="no-limit" style:vertical-pos="from-top" style:horizontal-pos="from-left" style:horizontal-rel="paragraph" fo:background-color="transparent" style:background-transparency="100%" fo:padding="0.12cm" fo:border="0.002cm solid #e6e6e6"><style:background-image/><style:columns fo:column-count="0" fo:column-gap="0cm"/></style:properties></style:style><style:style style:name="fr3" style:family="graphics" style:parent-style-name="Frameformat"><style:properties style:protect="size" style:wrap="parallel" style:number-wrapped-paragraphs="no-limit" style:vertical-pos="from-top" style:vertical-rel="paragraph" style:horizontal-pos="from-left" style:horizontal-rel="paragraph" fo:background-color="transparent" style:background-transparency="100%" fo:padding="0.12cm" fo:border-left="0.002cm solid #e6e6e6" fo:border-right="0.002cm solid #e6e6e6" fo:border-top="0.002cm solid #e6e6e6" fo:border-bottom="0.002cm solid #000080"><style:background-image/><style:columns fo:column-count="0" fo:column-gap="0cm"/></style:properties></style:style><text:list-style style:name="L1"><text:list-level-style-bullet text:level="1" text:style-name="Bullet Symbols" style:num-suffix="." text:bullet-char="➢"><style:properties text:space-before="0.748cm" text:min-label-width="0.499cm" style:font-name="StarSymbol"/></text:list-level-style-bullet><text:list-level-style-bullet text:level="2" text:style-name="Bullet Symbols" style:num-suffix="." text:bullet-char="•"><style:properties text:space-before="1.995cm" text:min-label-width="0.499cm" style:font-name="StarSymbol"/></text:list-level-style-bullet><text:list-level-style-bullet text:level="3" text:style-name="Bullet Symbols" style:num-suffix="." text:bullet-char="•"><style:properties text:space-before="3.242cm" text:min-label-width="0.499cm" style:font-name="StarSymbol"/></text:list-level-style-bullet><text:list-level-style-bullet text:level="4" text:style-name="Bullet Symbols" style:num-suffix="." text:bullet-char="•"><style:properties text:space-before="4.489cm" text:min-label-width="0.499cm" style:font-name="StarSymbol"/></text:list-level-style-bullet><text:list-level-style-bullet text:level="5" text:style-name="Bullet Symbols" style:num-suffix="." text:bullet-char="•"><style:properties text:space-before="5.736cm" text:min-label-width="0.499cm" style:font-name="StarSymbol"/></text:list-level-style-bullet><text:list-level-style-bullet text:level="6" text:style-name="Bullet Symbols" style:num-suffix="." text:bullet-char="•"><style:properties text:space-before="6.983cm" text:min-label-width="0.499cm" style:font-name="StarSymbol"/></text:list-level-style-bullet><text:list-level-style-bullet text:level="7" text:style-name="Bullet Symbols" style:num-suffix="." text:bullet-char="•"><style:properties text:space-before="8.23cm" text:min-label-width="0.499cm" style:font-name="StarSymbol"/></text:list-level-style-bullet><text:list-level-style-bullet text:level="8" text:style-name="Bullet Symbols" style:num-suffix="." text:bullet-char="•"><style:properties text:space-before="9.478cm" text:min-label-width="0.499cm" style:font-name="StarSymbol"/></text:list-level-style-bullet><text:list-level-style-bullet text:level="9" text:style-name="Bullet Symbols" style:num-suffix="." text:bullet-char="•"><style:properties text:space-before="10.725cm" text:min-label-width="0.499cm" style:font-name="StarSymbol"/></text:list-level-style-bullet><text:list-level-style-bullet text:level="10" text:style-name="Bullet Symbols" style:num-suffix="." text:bullet-char="•"><style:properties text:space-before="11.972cm" text:min-label-width="0.499cm" style:font-name="StarSymbol"/></text:list-level-style-bullet></text:list-style></office:automatic-styles><office:body><text:sequence-decls><text:sequence-decl text:display-outline-level="0" text:name="Illustration"/><text:sequence-decl text:display-outline-level="0" text:name="Table"/><text:sequence-decl text:display-outline-level="0" text:name="Text"/><text:sequence-decl text:display-outline-level="0" text:name="Drawing"/></text:sequence-decls><text:p text:style-name="Text body"><draw:text-box draw:style-name="fr1" draw:name="Frame3" text:anchor-type="as-char" svg:width="19.66cm" svg:height="8.1cm" draw:z-index="2"><table:table table:name="Table4" table:style-name="Table4"><table:table-column table:style-name="Table4.A"/><table:table-column table:style-name="Table4.B"/><table:table-header-rows><table:table-row><table:table-cell table:style-name="Table4.A1" table:value-type="string"><text:p text:style-name="P1">{school}{item}收費單</text:p><text:p text:style-name="P2">學期別：{year_seme}　　班級：{class}　　座號：{num}　　姓名：{stud_name}</text:p></table:table-cell><table:table-cell table:style-name="Table4.B1" table:value-type="string"><text:p text:style-name="P3">NO. {record_id}</text:p><text:p text:style-name="P4">第二聯　金融機構收執轉交學校</text:p></table:table-cell></table:table-row></table:table-header-rows></table:table><table:table table:name="Table5" table:style-name="Table5"><table:table-column table:style-name="Table5.A"/><table:table-column table:style-name="Table5.B"/><table:table-column table:style-name="Table5.C"/><table:table-row><table:table-cell><table:sub-table><table:table-column table:style-name="Table5.A1.1"/><table:table-column table:style-name="Table5.A1.2"/><table:table-column table:style-name="Table5.A1.3"/><table:table-column table:style-name="Table5.A1.4"/><table:table-row><table:table-cell table:style-name="Table5.A1.1.1" table:value-type="string"><text:p text:style-name="P5">NO</text:p></table:table-cell><table:table-cell table:style-name="Table5.A1.2.1" table:value-type="string"><text:p text:style-name="P5">收　費　細　目</text:p></table:table-cell><table:table-cell table:style-name="Table5.A1.2.1" table:value-type="string"><text:p text:style-name="P5">減免</text:p></table:table-cell><table:table-cell table:style-name="Table5.A1.4.1" table:value-type="string"><text:p text:style-name="P5">金額</text:p></table:table-cell></table:table-row><table:table-row><table:table-cell table:style-name="Table5.A1.1.2" table:value-type="string"><text:p text:style-name="P6">1</text:p></table:table-cell><table:table-cell table:style-name="Table5.A1.2.2" table:value-type="string"><text:p text:style-name="P7">{detail_0}</text:p></table:table-cell><table:table-cell table:style-name="Table5.A1.2.2" table:value-type="string"><text:p text:style-name="P6">{per_0}</text:p></table:table-cell><table:table-cell table:style-name="Table5.A1.4.2" table:value-type="string"><text:p text:style-name="P6">{dollars_0}</text:p></table:table-cell></table:table-row><table:table-row><table:table-cell table:style-name="Table5.A1.1.2" table:value-type="string"><text:p text:style-name="P6">2</text:p></table:table-cell><table:table-cell table:style-name="Table5.A1.2.2" table:value-type="string"><text:p text:style-name="P7">{detail_1}</text:p></table:table-cell><table:table-cell table:style-name="Table5.A1.2.2" table:value-type="string"><text:p text:style-name="P6">{per_1}</text:p></table:table-cell><table:table-cell table:style-name="Table5.A1.4.2" table:value-type="string"><text:p text:style-name="P6">{dollars_1}</text:p></table:table-cell></table:table-row><table:table-row><table:table-cell table:style-name="Table5.A1.1.2" table:value-type="string"><text:p text:style-name="P6">3</text:p></table:table-cell><table:table-cell table:style-name="Table5.A1.2.2" table:value-type="string"><text:p text:style-name="P7">{detail_2}</text:p></table:table-cell><table:table-cell table:style-name="Table5.A1.2.2" table:value-type="string"><text:p text:style-name="P6">{per_2}</text:p></table:table-cell><table:table-cell table:style-name="Table5.A1.4.2" table:value-type="string"><text:p text:style-name="P6">{dollars_2}</text:p></table:table-cell></table:table-row><table:table-row><table:table-cell table:style-name="Table5.A1.1.2" table:value-type="string"><text:p text:style-name="P6">4</text:p></table:table-cell><table:table-cell table:style-name="Table5.A1.2.2" table:value-type="string"><text:p text:style-name="P7">{detail_3}</text:p></table:table-cell><table:table-cell table:style-name="Table5.A1.2.2" table:value-type="string"><text:p text:style-name="P6">{per_3}</text:p></table:table-cell><table:table-cell table:style-name="Table5.A1.4.2" table:value-type="string"><text:p text:style-name="P6">{dollars_3}</text:p></table:table-cell></table:table-row><table:table-row><table:table-cell table:style-name="Table5.A1.1.2" table:value-type="string"><text:p text:style-name="P6">5</text:p></table:table-cell><table:table-cell table:style-name="Table5.A1.2.2" table:value-type="string"><text:p text:style-name="P7">{detail_4}</text:p></table:table-cell><table:table-cell table:style-name="Table5.A1.2.2" table:value-type="string"><text:p text:style-name="P6">{per_4}</text:p></table:table-cell><table:table-cell table:style-name="Table5.A1.4.2" table:value-type="string"><text:p text:style-name="P6">{dollars_4}</text:p></table:table-cell></table:table-row><table:table-row><table:table-cell table:style-name="Table5.A1.1.2" table:value-type="string"><text:p text:style-name="P6">6</text:p></table:table-cell><table:table-cell table:style-name="Table5.A1.2.2" table:value-type="string"><text:p text:style-name="P7">{detail_5}</text:p></table:table-cell><table:table-cell table:style-name="Table5.A1.2.2" table:value-type="string"><text:p text:style-name="P6">{per_5}</text:p></table:table-cell><table:table-cell table:style-name="Table5.A1.4.2" table:value-type="string"><text:p text:style-name="P6">{dollars_5}</text:p></table:table-cell></table:table-row><table:table-row><table:table-cell table:style-name="Table5.A1.1.2" table:value-type="string"><text:p text:style-name="P6">7</text:p></table:table-cell><table:table-cell table:style-name="Table5.A1.2.2" table:value-type="string"><text:p text:style-name="P7">{detail_6}</text:p></table:table-cell><table:table-cell table:style-name="Table5.A1.2.2" table:value-type="string"><text:p text:style-name="P6">{per_6}</text:p></table:table-cell><table:table-cell table:style-name="Table5.A1.4.2" table:value-type="string"><text:p text:style-name="P6">{dollars_6}</text:p></table:table-cell></table:table-row><table:table-row><table:table-cell table:style-name="Table5.A1.1.2" table:value-type="string"><text:p text:style-name="P6">8</text:p></table:table-cell><table:table-cell table:style-name="Table5.A1.2.2" table:value-type="string"><text:p text:style-name="P7">{detail_7}</text:p></table:table-cell><table:table-cell table:style-name="Table5.A1.2.2" table:value-type="string"><text:p text:style-name="P6">{per_7}</text:p></table:table-cell><table:table-cell table:style-name="Table5.A1.4.2" table:value-type="string"><text:p text:style-name="P6">{dollars_7}</text:p></table:table-cell></table:table-row><table:table-row><table:table-cell table:style-name="Table5.A1.1.2" table:value-type="string"><text:p text:style-name="P6">9</text:p></table:table-cell><table:table-cell table:style-name="Table5.A1.2.2" table:value-type="string"><text:p text:style-name="P7">{detail_8}</text:p></table:table-cell><table:table-cell table:style-name="Table5.A1.2.2" table:value-type="string"><text:p text:style-name="P6">{per_8}</text:p></table:table-cell><table:table-cell table:style-name="Table5.A1.4.2" table:value-type="string"><text:p text:style-name="P6">{dollars_8}</text:p></table:table-cell></table:table-row><table:table-row><table:table-cell table:style-name="Table5.A1.1.11" table:number-columns-spanned="3" table:value-type="string"><text:p text:style-name="P2">合　　　　　　　計</text:p></table:table-cell><table:covered-table-cell/><table:covered-table-cell/><table:table-cell table:style-name="Table5.A1.4.11" table:value-type="string"><text:p text:style-name="P2">{total}</text:p></table:table-cell></table:table-row></table:sub-table></table:table-cell><table:table-cell table:style-name="Table5.B1" table:value-type="string"><text:p text:style-name="P8"/></table:table-cell><table:table-cell><table:sub-table><table:table-column table:style-name="Table5.C"/><table:table-row><table:table-cell table:style-name="Table5.C1.1.1" table:value-type="string"><text:unordered-list text:style-name="L1"><text:list-item><text:p text:style-name="P9">依　　據：{authority}</text:p></text:list-item><text:list-item><text:p text:style-name="P9">繳款方式：{paid_method}</text:p></text:list-item><text:list-item><text:p text:style-name="P9">繳款期限：{paid_date}</text:p></text:list-item><text:list-item><text:p text:style-name="P9">{announce_note}</text:p></text:list-item><text:list-item><text:p text:style-name="P9">{announce_note2}</text:p></text:list-item></text:unordered-list></table:table-cell></table:table-row><table:table-row><table:table-cell table:style-name="Table5.C1.1.2" table:value-type="string"><text:p text:style-name="P10">{barcode}</text:p></table:table-cell></table:table-row><table:table-row><table:table-cell table:style-name="Table5.C1.1.3" table:value-type="string"><text:p text:style-name="P11"><text:span text:style-name="T1">收款機構蓋</text:span><text:span text:style-name="T2">章：</text:span></text:p></table:table-cell></table:table-row></table:sub-table></table:table-cell></table:table-row></table:table><table:table table:name="Table6" table:style-name="Table6"><table:table-column table:style-name="Table6.A"/><table:table-row table:style-name="Table6.1"><table:table-cell table:style-name="Table6.A1" table:value-type="string"><text:p text:style-name="P12">{footer}</text:p></table:table-cell></table:table-row></table:table><text:p text:style-name="P13"/></draw:text-box><draw:text-box draw:style-name="fr1" draw:name="Frame4" text:anchor-type="as-char" svg:width="19.66cm" svg:height="8.1cm" draw:z-index="3"><table:table table:name="Table7" table:style-name="Table7"><table:table-column table:style-name="Table7.A"/><table:table-column table:style-name="Table7.B"/><table:table-header-rows><table:table-row><table:table-cell table:style-name="Table7.A1" table:value-type="string"><text:p text:style-name="P1">{school}{item}收費單</text:p><text:p text:style-name="P2">學期別：{year_seme}　　班級：{class}　　座號：{num}　　姓名：{stud_name}</text:p></table:table-cell><table:table-cell table:style-name="Table7.B1" table:value-type="string"><text:p text:style-name="P3">NO. {record_id}</text:p><text:p text:style-name="P4">第三聯　家長收執</text:p></table:table-cell></table:table-row></table:table-header-rows></table:table><table:table table:name="Table9" table:style-name="Table9"><table:table-column table:style-name="Table9.A"/><table:table-column table:style-name="Table9.B"/><table:table-column table:style-name="Table9.C"/><table:table-row><table:table-cell><table:sub-table><table:table-column table:style-name="Table9.A1.1"/><table:table-column table:style-name="Table9.A1.2"/><table:table-column table:style-name="Table9.A1.3"/><table:table-column table:style-name="Table9.A1.4"/><table:table-row><table:table-cell table:style-name="Table9.A1.1.1" table:value-type="string"><text:p text:style-name="P5">NO</text:p></table:table-cell><table:table-cell table:style-name="Table9.A1.2.1" table:value-type="string"><text:p text:style-name="P5">收　費　細　目</text:p></table:table-cell><table:table-cell table:style-name="Table9.A1.2.1" table:value-type="string"><text:p text:style-name="P5">減免</text:p></table:table-cell><table:table-cell table:style-name="Table9.A1.4.1" table:value-type="string"><text:p text:style-name="P5">金額</text:p></table:table-cell></table:table-row><table:table-row><table:table-cell table:style-name="Table9.A1.1.2" table:value-type="string"><text:p text:style-name="P6">1</text:p></table:table-cell><table:table-cell table:style-name="Table9.A1.2.2" table:value-type="string"><text:p text:style-name="P7">{detail_0}</text:p></table:table-cell><table:table-cell table:style-name="Table9.A1.2.2" table:value-type="string"><text:p text:style-name="P6">{per_0}</text:p></table:table-cell><table:table-cell table:style-name="Table9.A1.4.2" table:value-type="string"><text:p text:style-name="P6">{dollars_0}</text:p></table:table-cell></table:table-row><table:table-row><table:table-cell table:style-name="Table9.A1.1.2" table:value-type="string"><text:p text:style-name="P6">2</text:p></table:table-cell><table:table-cell table:style-name="Table9.A1.2.2" table:value-type="string"><text:p text:style-name="P7">{detail_1}</text:p></table:table-cell><table:table-cell table:style-name="Table9.A1.2.2" table:value-type="string"><text:p text:style-name="P6">{per_1}</text:p></table:table-cell><table:table-cell table:style-name="Table9.A1.4.2" table:value-type="string"><text:p text:style-name="P6">{dollars_1}</text:p></table:table-cell></table:table-row><table:table-row><table:table-cell table:style-name="Table9.A1.1.2" table:value-type="string"><text:p text:style-name="P6">3</text:p></table:table-cell><table:table-cell table:style-name="Table9.A1.2.2" table:value-type="string"><text:p text:style-name="P7">{detail_2}</text:p></table:table-cell><table:table-cell table:style-name="Table9.A1.2.2" table:value-type="string"><text:p text:style-name="P6">{per_2}</text:p></table:table-cell><table:table-cell table:style-name="Table9.A1.4.2" table:value-type="string"><text:p text:style-name="P6">{dollars_2}</text:p></table:table-cell></table:table-row><table:table-row><table:table-cell table:style-name="Table9.A1.1.2" table:value-type="string"><text:p text:style-name="P6">4</text:p></table:table-cell><table:table-cell table:style-name="Table9.A1.2.2" table:value-type="string"><text:p text:style-name="P7">{detail_3}</text:p></table:table-cell><table:table-cell table:style-name="Table9.A1.2.2" table:value-type="string"><text:p text:style-name="P6">{per_3}</text:p></table:table-cell><table:table-cell table:style-name="Table9.A1.4.2" table:value-type="string"><text:p text:style-name="P6">{dollars_3}</text:p></table:table-cell></table:table-row><table:table-row><table:table-cell table:style-name="Table9.A1.1.2" table:value-type="string"><text:p text:style-name="P6">5</text:p></table:table-cell><table:table-cell table:style-name="Table9.A1.2.2" table:value-type="string"><text:p text:style-name="P7">{detail_4}</text:p></table:table-cell><table:table-cell table:style-name="Table9.A1.2.2" table:value-type="string"><text:p text:style-name="P6">{per_4}</text:p></table:table-cell><table:table-cell table:style-name="Table9.A1.4.2" table:value-type="string"><text:p text:style-name="P6">{dollars_4}</text:p></table:table-cell></table:table-row><table:table-row><table:table-cell table:style-name="Table9.A1.1.2" table:value-type="string"><text:p text:style-name="P6">6</text:p></table:table-cell><table:table-cell table:style-name="Table9.A1.2.2" table:value-type="string"><text:p text:style-name="P7">{detail_5}</text:p></table:table-cell><table:table-cell table:style-name="Table9.A1.2.2" table:value-type="string"><text:p text:style-name="P6">{per_5}</text:p></table:table-cell><table:table-cell table:style-name="Table9.A1.4.2" table:value-type="string"><text:p text:style-name="P6">{dollars_5}</text:p></table:table-cell></table:table-row><table:table-row><table:table-cell table:style-name="Table9.A1.1.2" table:value-type="string"><text:p text:style-name="P6">7</text:p></table:table-cell><table:table-cell table:style-name="Table9.A1.2.2" table:value-type="string"><text:p text:style-name="P7">{detail_6}</text:p></table:table-cell><table:table-cell table:style-name="Table9.A1.2.2" table:value-type="string"><text:p text:style-name="P6">{per_6}</text:p></table:table-cell><table:table-cell table:style-name="Table9.A1.4.2" table:value-type="string"><text:p text:style-name="P6">{dollars_6}</text:p></table:table-cell></table:table-row><table:table-row><table:table-cell table:style-name="Table9.A1.1.2" table:value-type="string"><text:p text:style-name="P6">8</text:p></table:table-cell><table:table-cell table:style-name="Table9.A1.2.2" table:value-type="string"><text:p text:style-name="P7">{detail_7}</text:p></table:table-cell><table:table-cell table:style-name="Table9.A1.2.2" table:value-type="string"><text:p text:style-name="P6">{per_7}</text:p></table:table-cell><table:table-cell table:style-name="Table9.A1.4.2" table:value-type="string"><text:p text:style-name="P6">{dollars_7}</text:p></table:table-cell></table:table-row><table:table-row><table:table-cell table:style-name="Table9.A1.1.2" table:value-type="string"><text:p text:style-name="P6">9</text:p></table:table-cell><table:table-cell table:style-name="Table9.A1.2.2" table:value-type="string"><text:p text:style-name="P7">{detail_8}</text:p></table:table-cell><table:table-cell table:style-name="Table9.A1.2.2" table:value-type="string"><text:p text:style-name="P6">{per_8}</text:p></table:table-cell><table:table-cell table:style-name="Table9.A1.4.2" table:value-type="string"><text:p text:style-name="P6">{dollars_8}</text:p></table:table-cell></table:table-row><table:table-row><table:table-cell table:style-name="Table9.A1.1.11" table:number-columns-spanned="3" table:value-type="string"><text:p text:style-name="P2">合　　　　　　　計</text:p></table:table-cell><table:covered-table-cell/><table:covered-table-cell/><table:table-cell table:style-name="Table9.A1.4.11" table:value-type="string"><text:p text:style-name="P2">{total}</text:p></table:table-cell></table:table-row></table:sub-table></table:table-cell><table:table-cell table:style-name="Table9.B1" table:value-type="string"><text:p text:style-name="P8"/></table:table-cell><table:table-cell><table:sub-table><table:table-column table:style-name="Table9.C"/><table:table-row><table:table-cell table:style-name="Table9.C1.1.1" table:value-type="string"><text:unordered-list text:style-name="L1"><text:list-item><text:p text:style-name="P9">依　　據：{authority}</text:p></text:list-item><text:list-item><text:p text:style-name="P9">繳款方式：{paid_method}</text:p></text:list-item><text:list-item><text:p text:style-name="P9">繳款期限：{paid_date}</text:p></text:list-item><text:list-item><text:p text:style-name="P9">{announce_note}</text:p></text:list-item><text:list-item><text:p text:style-name="P9">{announce_note2}</text:p></text:list-item></text:unordered-list></table:table-cell></table:table-row><table:table-row><table:table-cell table:style-name="Table9.C1.1.2" table:value-type="string"><text:p text:style-name="P10">{barcode}</text:p></table:table-cell></table:table-row><table:table-row><table:table-cell table:style-name="Table9.C1.1.3" table:value-type="string"><text:p text:style-name="P11"><text:span text:style-name="T1">收款機構蓋</text:span><text:span text:style-name="T2">章：</text:span></text:p></table:table-cell></table:table-row></table:sub-table></table:table-cell></table:table-row></table:table><table:table table:name="Table10" table:style-name="Table10"><table:table-column table:style-name="Table10.A"/><table:table-row table:style-name="Table10.1"><table:table-cell table:style-name="Table10.A1" table:value-type="string"><text:p text:style-name="P12">{footer}</text:p></table:table-cell></table:table-row></table:table><text:p text:style-name="P13"/></draw:text-box><draw:text-box draw:style-name="fr2" draw:name="Frame2" text:anchor-type="as-char" svg:x="0.171cm" svg:y="0cm" svg:width="19.66cm" svg:height="4.671cm" draw:z-index="1"><table:table table:name="Table8" table:style-name="Table8"><table:table-column table:style-name="Table8.A"/><table:table-column table:style-name="Table8.B"/><table:table-header-rows><table:table-row><table:table-cell table:style-name="Table8.A1" table:value-type="string"><text:p text:style-name="P1">{school}{item}收費單</text:p></table:table-cell><table:table-cell table:style-name="Table8.B1" table:value-type="string"><text:p text:style-name="P3">NO. {record_id}</text:p><text:p text:style-name="P4">第四聯　交回班級導師</text:p></table:table-cell></table:table-row></table:table-header-rows></table:table><table:table table:name="Table11" table:style-name="Table11"><table:table-column table:style-name="Table11.A"/><table:table-column table:style-name="Table11.B"/><table:table-column table:style-name="Table11.C"/><table:table-column table:style-name="Table11.B"/><table:table-column table:style-name="Table11.E"/><table:table-row><table:table-cell><table:sub-table><table:table-column table:style-name="Table11.A1.1"/><table:table-column table:style-name="Table11.A1.2"/><table:table-row><table:table-cell table:style-name="Table11.A1.1.1" table:value-type="string"><text:p text:style-name="P14">學　期</text:p></table:table-cell><table:table-cell table:style-name="Table11.A1.2.1" table:value-type="string"><text:p text:style-name="P14">{year_seme}</text:p></table:table-cell></table:table-row><table:table-row><table:table-cell table:style-name="Table11.A1.1.2" table:value-type="string"><text:p text:style-name="P14">班　級</text:p></table:table-cell><table:table-cell table:style-name="Table11.A1.2.2" table:value-type="string"><text:p text:style-name="P14">{class}</text:p></table:table-cell></table:table-row><table:table-row><table:table-cell table:style-name="Table11.A1.1.2" table:value-type="string"><text:p text:style-name="P14">座　號</text:p></table:table-cell><table:table-cell table:style-name="Table11.A1.2.2" table:value-type="string"><text:p text:style-name="P14">{num}</text:p></table:table-cell></table:table-row><table:table-row><table:table-cell table:style-name="Table11.A1.1.2" table:value-type="string"><text:p text:style-name="P14">姓　名</text:p></table:table-cell><table:table-cell table:style-name="Table11.A1.2.2" table:value-type="string"><text:p text:style-name="P14">{stud_name}</text:p></table:table-cell></table:table-row><table:table-row><table:table-cell table:style-name="Table11.A1.1.5" table:value-type="string"><text:p text:style-name="P14">監護人</text:p></table:table-cell><table:table-cell table:style-name="Table11.A1.2.5" table:value-type="string"><text:p text:style-name="P14">{guardian}</text:p></table:table-cell></table:table-row></table:sub-table></table:table-cell><table:table-cell table:style-name="Table11.B1" table:value-type="string"><text:p text:style-name="P8"/></table:table-cell><table:table-cell><table:sub-table><table:table-column table:style-name="Table11.C1.1"/><table:table-column table:style-name="Table11.C1.2"/><table:table-row><table:table-cell table:style-name="Table11.A1.1.1" table:value-type="string"><text:p text:style-name="P2">繳款金額</text:p></table:table-cell><table:table-cell table:style-name="Table11.A1.2.1" table:value-type="string"><text:p text:style-name="P15"><text:span text:style-name="T3">NT$ </text:span>{total}.</text:p></table:table-cell></table:table-row><table:table-row><table:table-cell table:style-name="Table11.A1.1.5" table:value-type="string"><text:p text:style-name="P16">備</text:p><text:p text:style-name="P16"/><text:p text:style-name="P16">註</text:p></table:table-cell><table:table-cell table:style-name="Table11.C1.2.2" table:value-type="string"><text:p text:style-name="P2"/></table:table-cell></table:table-row></table:sub-table></table:table-cell><table:table-cell table:style-name="Table11.D1" table:value-type="string"><text:p text:style-name="P8"> </text:p></table:table-cell><table:table-cell><table:sub-table><table:table-column table:style-name="Table11.E"/><table:table-row><table:table-cell table:style-name="Table11.E1.1.1" table:value-type="string"><text:p text:style-name="P10">{barcode}</text:p></table:table-cell></table:table-row><table:table-row><table:table-cell table:style-name="Table11.E1.1.2" table:value-type="string"><text:p text:style-name="P17">收款機構蓋章：</text:p></table:table-cell></table:table-row></table:sub-table></table:table-cell></table:table-row></table:table><table:table table:name="Table12" table:style-name="Table12"><table:table-column table:style-name="Table12.A"/><table:table-row table:style-name="Table12.1"><table:table-cell table:style-name="Table12.A1" table:value-type="string"><text:p text:style-name="P12">{footer}</text:p><text:p text:style-name="P12"/></table:table-cell></table:table-row></table:table><text:p text:style-name="P13"/></draw:text-box><draw:text-box draw:style-name="fr3" draw:name="Frame1" text:anchor-type="char" svg:x="0.171cm" svg:y="0cm" svg:width="19.66cm" svg:height="8.1cm" draw:z-index="0"><table:table table:name="Table1" table:style-name="Table1"><table:table-column table:style-name="Table1.A"/><table:table-column table:style-name="Table1.B"/><table:table-header-rows><table:table-row><table:table-cell table:style-name="Table1.A1" table:value-type="string"><text:p text:style-name="P1">{school}{item}收費單</text:p><text:p text:style-name="P2">學期別：{year_seme}　　班級：{class}　　座號：{num}　　姓名：{stud_name}</text:p></table:table-cell><table:table-cell table:style-name="Table1.B1" table:value-type="string"><text:p text:style-name="P3">NO. {record_id}</text:p><text:p text:style-name="P4">第一聯　金融機構收執</text:p></table:table-cell></table:table-row></table:table-header-rows></table:table><table:table table:name="Table2" table:style-name="Table2"><table:table-column table:style-name="Table2.A"/><table:table-column table:style-name="Table2.B"/><table:table-column table:style-name="Table2.C"/><table:table-row><table:table-cell><table:sub-table><table:table-column table:style-name="Table2.A1.1"/><table:table-column table:style-name="Table2.A1.2"/><table:table-column table:style-name="Table2.A1.3"/><table:table-column table:style-name="Table2.A1.4"/><table:table-row><table:table-cell table:style-name="Table2.A1.1.1" table:value-type="string"><text:p text:style-name="P5">NO</text:p></table:table-cell><table:table-cell table:style-name="Table2.A1.2.1" table:value-type="string"><text:p text:style-name="P5">收　費　細　目</text:p></table:table-cell><table:table-cell table:style-name="Table2.A1.2.1" table:value-type="string"><text:p text:style-name="P5">減免</text:p></table:table-cell><table:table-cell table:style-name="Table2.A1.4.1" table:value-type="string"><text:p text:style-name="P5">金額</text:p></table:table-cell></table:table-row><table:table-row><table:table-cell table:style-name="Table2.A1.1.2" table:value-type="string"><text:p text:style-name="P6">1</text:p></table:table-cell><table:table-cell table:style-name="Table2.A1.2.2" table:value-type="string"><text:p text:style-name="P7">{detail_0}</text:p></table:table-cell><table:table-cell table:style-name="Table2.A1.2.2" table:value-type="string"><text:p text:style-name="P6">{per_0}</text:p></table:table-cell><table:table-cell table:style-name="Table2.A1.4.2" table:value-type="string"><text:p text:style-name="P6">{dollars_0}</text:p></table:table-cell></table:table-row><table:table-row><table:table-cell table:style-name="Table2.A1.1.2" table:value-type="string"><text:p text:style-name="P6">2</text:p></table:table-cell><table:table-cell table:style-name="Table2.A1.2.2" table:value-type="string"><text:p text:style-name="P7">{detail_1}</text:p></table:table-cell><table:table-cell table:style-name="Table2.A1.2.2" table:value-type="string"><text:p text:style-name="P6">{per_1}</text:p></table:table-cell><table:table-cell table:style-name="Table2.A1.4.2" table:value-type="string"><text:p text:style-name="P6">{dollars_1}</text:p></table:table-cell></table:table-row><table:table-row><table:table-cell table:style-name="Table2.A1.1.2" table:value-type="string"><text:p text:style-name="P6">3</text:p></table:table-cell><table:table-cell table:style-name="Table2.A1.2.2" table:value-type="string"><text:p text:style-name="P7">{detail_2}</text:p></table:table-cell><table:table-cell table:style-name="Table2.A1.2.2" table:value-type="string"><text:p text:style-name="P6">{per_2}</text:p></table:table-cell><table:table-cell table:style-name="Table2.A1.4.2" table:value-type="string"><text:p text:style-name="P6">{dollars_2}</text:p></table:table-cell></table:table-row><table:table-row><table:table-cell table:style-name="Table2.A1.1.2" table:value-type="string"><text:p text:style-name="P6">4</text:p></table:table-cell><table:table-cell table:style-name="Table2.A1.2.2" table:value-type="string"><text:p text:style-name="P7">{detail_3}</text:p></table:table-cell><table:table-cell table:style-name="Table2.A1.2.2" table:value-type="string"><text:p text:style-name="P6">{per_3}</text:p></table:table-cell><table:table-cell table:style-name="Table2.A1.4.2" table:value-type="string"><text:p text:style-name="P6">{dollars_3}</text:p></table:table-cell></table:table-row><table:table-row><table:table-cell table:style-name="Table2.A1.1.2" table:value-type="string"><text:p text:style-name="P6">5</text:p></table:table-cell><table:table-cell table:style-name="Table2.A1.2.2" table:value-type="string"><text:p text:style-name="P7">{detail_4}</text:p></table:table-cell><table:table-cell table:style-name="Table2.A1.2.2" table:value-type="string"><text:p text:style-name="P6">{per_4}</text:p></table:table-cell><table:table-cell table:style-name="Table2.A1.4.2" table:value-type="string"><text:p text:style-name="P6">{dollars_4}</text:p></table:table-cell></table:table-row><table:table-row><table:table-cell table:style-name="Table2.A1.1.2" table:value-type="string"><text:p text:style-name="P6">6</text:p></table:table-cell><table:table-cell table:style-name="Table2.A1.2.2" table:value-type="string"><text:p text:style-name="P7">{detail_5}</text:p></table:table-cell><table:table-cell table:style-name="Table2.A1.2.2" table:value-type="string"><text:p text:style-name="P6">{per_5}</text:p></table:table-cell><table:table-cell table:style-name="Table2.A1.4.2" table:value-type="string"><text:p text:style-name="P6">{dollars_5}</text:p></table:table-cell></table:table-row><table:table-row><table:table-cell table:style-name="Table2.A1.1.2" table:value-type="string"><text:p text:style-name="P6">7</text:p></table:table-cell><table:table-cell table:style-name="Table2.A1.2.2" table:value-type="string"><text:p text:style-name="P7">{detail_6}</text:p></table:table-cell><table:table-cell table:style-name="Table2.A1.2.2" table:value-type="string"><text:p text:style-name="P6">{per_6}</text:p></table:table-cell><table:table-cell table:style-name="Table2.A1.4.2" table:value-type="string"><text:p text:style-name="P6">{dollars_6}</text:p></table:table-cell></table:table-row><table:table-row><table:table-cell table:style-name="Table2.A1.1.2" table:value-type="string"><text:p text:style-name="P6">8</text:p></table:table-cell><table:table-cell table:style-name="Table2.A1.2.2" table:value-type="string"><text:p text:style-name="P7">{detail_7}</text:p></table:table-cell><table:table-cell table:style-name="Table2.A1.2.2" table:value-type="string"><text:p text:style-name="P6">{per_7}</text:p></table:table-cell><table:table-cell table:style-name="Table2.A1.4.2" table:value-type="string"><text:p text:style-name="P6">{dollars_7}</text:p></table:table-cell></table:table-row><table:table-row><table:table-cell table:style-name="Table2.A1.1.2" table:value-type="string"><text:p text:style-name="P6">9</text:p></table:table-cell><table:table-cell table:style-name="Table2.A1.2.2" table:value-type="string"><text:p text:style-name="P7">{detail_8}</text:p></table:table-cell><table:table-cell table:style-name="Table2.A1.2.2" table:value-type="string"><text:p text:style-name="P6">{per_8}</text:p></table:table-cell><table:table-cell table:style-name="Table2.A1.4.2" table:value-type="string"><text:p text:style-name="P6">{dollars_8}</text:p></table:table-cell></table:table-row><table:table-row><table:table-cell table:style-name="Table2.A1.1.11" table:number-columns-spanned="3" table:value-type="string"><text:p text:style-name="P2">合　　　　　　　計</text:p></table:table-cell><table:covered-table-cell/><table:covered-table-cell/><table:table-cell table:style-name="Table2.A1.4.11" table:value-type="string"><text:p text:style-name="P2">{total}</text:p></table:table-cell></table:table-row></table:sub-table></table:table-cell><table:table-cell table:style-name="Table2.B1" table:value-type="string"><text:p text:style-name="P8"/></table:table-cell><table:table-cell><table:sub-table><table:table-column table:style-name="Table2.C"/><table:table-row><table:table-cell table:style-name="Table2.C1.1.1" table:value-type="string"><text:unordered-list text:style-name="L1"><text:list-item><text:p text:style-name="P9">依　　據：{authority}</text:p></text:list-item><text:list-item><text:p text:style-name="P9">繳款方式：{paid_method}</text:p></text:list-item><text:list-item><text:p text:style-name="P9">繳款期限：{paid_date}</text:p></text:list-item><text:list-item><text:p text:style-name="P9">{announce_note}</text:p></text:list-item><text:list-item><text:p text:style-name="P9">{announce_note2}</text:p></text:list-item></text:unordered-list></table:table-cell></table:table-row><table:table-row><table:table-cell table:style-name="Table2.C1.1.2" table:value-type="string"><text:p text:style-name="P10">{barcode}</text:p></table:table-cell></table:table-row><table:table-row><table:table-cell table:style-name="Table2.C1.1.3" table:value-type="string"><text:p text:style-name="P11"><text:span text:style-name="T1">收款機構蓋</text:span><text:span text:style-name="T2">章：</text:span></text:p></table:table-cell></table:table-row></table:sub-table></table:table-cell></table:table-row></table:table><table:table table:name="Table3" table:style-name="Table3"><table:table-column table:style-name="Table3.A"/><table:table-row table:style-name="Table3.1"><table:table-cell table:style-name="Table3.A1" table:value-type="string"><text:p text:style-name="P12">{footer}</text:p></table:table-cell></table:table-row></table:table><text:p text:style-name="P13"/></draw:text-box></text:p></office:body></office:document-content>