<?xml version="1.0" encoding="UTF-8"?>
<!DOCTYPE office:document-content PUBLIC "-//OpenOffice.org//DTD OfficeDocument 1.0//EN" "office.dtd"><office:document-content xmlns:office="http://openoffice.org/2000/office" xmlns:style="http://openoffice.org/2000/style" xmlns:text="http://openoffice.org/2000/text" xmlns:table="http://openoffice.org/2000/table" xmlns:draw="http://openoffice.org/2000/drawing" xmlns:fo="http://www.w3.org/1999/XSL/Format" xmlns:xlink="http://www.w3.org/1999/xlink" xmlns:number="http://openoffice.org/2000/datastyle" xmlns:svg="http://www.w3.org/2000/svg" xmlns:chart="http://openoffice.org/2000/chart" xmlns:dr3d="http://openoffice.org/2000/dr3d" xmlns:math="http://www.w3.org/1998/Math/MathML" xmlns:form="http://openoffice.org/2000/form" xmlns:script="http://openoffice.org/2000/script" office:class="text" office:version="1.0"><office:script/><office:font-decls><style:font-decl style:name="StarSymbol" fo:font-family="StarSymbol" style:font-charset="x-symbol"/><style:font-decl style:name="Tahoma1" fo:font-family="Tahoma"/><style:font-decl style:name="IDAutomationHC39M" fo:font-family="IDAutomationHC39M" style:font-family-generic="modern" style:font-pitch="fixed"/><style:font-decl style:name="標楷體" fo:font-family="標楷體" style:font-family-generic="script" style:font-pitch="fixed"/><style:font-decl style:name="Arial Unicode MS" fo:font-family="&apos;Arial Unicode MS&apos;" style:font-pitch="variable"/><style:font-decl style:name="Tahoma" fo:font-family="Tahoma" style:font-pitch="variable"/><style:font-decl style:name="Times New Roman" fo:font-family="&apos;Times New Roman&apos;" style:font-family-generic="roman" style:font-pitch="variable"/><style:font-decl style:name="新細明體" fo:font-family="新細明體" style:font-family-generic="roman" style:font-pitch="variable"/></office:font-decls><office:automatic-styles><style:style style:name="Table1" style:family="table"><style:properties style:width="11.977cm" fo:margin-left="0cm" fo:margin-right="-0.007cm" table:align="margins"/></style:style><style:style style:name="Table1.A" style:family="table-column"><style:properties style:column-width="8.416cm" style:rel-column-width="46049*"/></style:style><style:style style:name="Table1.B" style:family="table-column"><style:properties style:column-width="3.561cm" style:rel-column-width="19486*"/></style:style><style:style style:name="Table1.A1" style:family="table-cell"><style:properties fo:vertical-align="middle" fo:background-color="transparent" fo:padding="0.097cm" fo:border="none"><style:background-image/></style:properties></style:style><style:style style:name="Table1.A2" style:family="table-cell"><style:properties fo:background-color="transparent" fo:padding="0.097cm" fo:border="none"><style:background-image/></style:properties></style:style><style:style style:name="Table5" style:family="table" style:master-page-name=""><style:properties style:width="11.977cm" fo:margin-left="0cm" fo:margin-right="-0.007cm" style:page-number="0" table:align="margins" fo:keep-with-next="true"/></style:style><style:style style:name="Table5.A" style:family="table-column"><style:properties style:column-width="1.233cm" style:rel-column-width="699*"/></style:style><style:style style:name="Table5.B" style:family="table-column"><style:properties style:column-width="6.315cm" style:rel-column-width="3580*"/></style:style><style:style style:name="Table5.C" style:family="table-column"><style:properties style:column-width="1.725cm" style:rel-column-width="978*"/></style:style><style:style style:name="Table5.D" style:family="table-column"><style:properties style:column-width="2.699cm" style:rel-column-width="1530*"/></style:style><style:style style:name="Table5.A1" style:family="table-cell"><style:properties fo:vertical-align="middle" fo:background-color="#ffffcc" fo:padding="0.097cm" fo:border-left="0.035cm solid #000000" fo:border-right="none" fo:border-top="0.035cm solid #000000" fo:border-bottom="0.002cm solid #000000"><style:background-image/></style:properties></style:style><style:style style:name="Table5.B1" style:family="table-cell"><style:properties fo:vertical-align="middle" fo:background-color="#ffffcc" fo:padding="0.097cm" fo:border-left="0.002cm solid #000000" fo:border-right="none" fo:border-top="0.035cm solid #000000" fo:border-bottom="0.002cm solid #000000"><style:background-image/></style:properties></style:style><style:style style:name="Table5.D1" style:family="table-cell"><style:properties fo:vertical-align="middle" fo:background-color="#ffffcc" fo:padding="0.097cm" fo:border-left="0.002cm solid #000000" fo:border-right="0.035cm solid #000000" fo:border-top="0.035cm solid #000000" fo:border-bottom="0.002cm solid #000000"><style:background-image/></style:properties></style:style><style:style style:name="Table5.A2" style:family="table-cell"><style:properties fo:vertical-align="middle" fo:background-color="#ffffcc" fo:padding="0.097cm" fo:border-left="0.035cm solid #000000" fo:border-right="none" fo:border-top="none" fo:border-bottom="0.002cm solid #000000"><style:background-image/></style:properties></style:style><style:style style:name="Table5.B2" style:family="table-cell"><style:properties fo:vertical-align="middle" fo:padding="0.097cm" fo:border-left="0.002cm solid #000000" fo:border-right="none" fo:border-top="none" fo:border-bottom="0.002cm solid #000000"/></style:style><style:style style:name="Table5.D2" style:family="table-cell"><style:properties fo:vertical-align="middle" fo:padding="0.097cm" fo:border-left="0.002cm solid #000000" fo:border-right="0.035cm solid #000000" fo:border-top="none" fo:border-bottom="0.002cm solid #000000"/></style:style><style:style style:name="Table5.A9" style:family="table-cell"><style:properties fo:vertical-align="middle" fo:background-color="#ffffcc" fo:padding="0.097cm" fo:border-left="0.035cm solid #000000" fo:border-right="none" fo:border-top="none" fo:border-bottom="0.035cm solid #000000"><style:background-image/></style:properties></style:style><style:style style:name="Table5.D9" style:family="table-cell"><style:properties fo:vertical-align="middle" fo:padding="0.097cm" fo:border-left="0.002cm solid #000000" fo:border-right="0.035cm solid #000000" fo:border-top="none" fo:border-bottom="0.035cm solid #000000"/></style:style><style:style style:name="P1" style:family="paragraph" style:parent-style-name="Table Contents"><style:properties fo:margin-top="0cm" fo:margin-bottom="0cm" style:font-name="標楷體" fo:font-size="12pt" style:font-name-asian="標楷體" style:font-size-asian="12pt" style:font-size-complex="12pt" fo:text-align="center" fo:text-align-last="justify" style:justify-single-word="false" fo:background-color="transparent" style:vertical-align="bottom"><style:background-image/></style:properties></style:style><style:style style:name="P2" style:family="paragraph" style:parent-style-name="Table Contents"><style:properties fo:margin-top="0cm" fo:margin-bottom="0cm" style:font-name="標楷體" fo:font-size="10pt" style:font-name-asian="標楷體" style:font-size-asian="10pt" style:font-size-complex="10pt" fo:text-align="center" fo:text-align-last="justify" style:justify-single-word="false" fo:background-color="transparent" style:vertical-align="bottom"><style:background-image/></style:properties></style:style><style:style style:name="P3" style:family="paragraph" style:parent-style-name="Table Contents"><style:properties style:font-name="新細明體" fo:font-size="8pt" style:font-name-asian="新細明體" style:font-size-asian="8pt" style:font-size-complex="8pt" fo:text-align="center" fo:text-align-last="justify" style:justify-single-word="false"/></style:style><style:style style:name="P4" style:family="paragraph" style:parent-style-name="Table Contents"><style:properties fo:margin-top="0cm" fo:margin-bottom="0cm" style:font-name="新細明體" fo:font-size="8pt" style:font-name-asian="新細明體" style:font-size-asian="8pt" style:font-size-complex="8pt" fo:text-align="center" fo:text-align-last="justify" style:justify-single-word="false"/></style:style><style:style style:name="P5" style:family="paragraph" style:parent-style-name="Table Contents"><style:properties fo:margin-left="0.048cm" fo:margin-right="0cm" fo:margin-top="0cm" fo:margin-bottom="0cm" style:font-name="新細明體" fo:font-size="8pt" style:font-name-asian="新細明體" style:font-size-asian="8pt" style:font-size-complex="8pt" fo:text-align="start" fo:text-align-last="justify" style:justify-single-word="false" fo:text-indent="0cm" style:auto-text-indent="false"/></style:style><style:style style:name="P6" style:family="paragraph" style:parent-style-name="Table Contents"><style:properties fo:margin-top="0cm" fo:margin-bottom="0cm" style:font-name="標楷體" fo:font-size="10pt" style:font-name-asian="標楷體" style:font-size-asian="10pt" style:font-size-complex="10pt" fo:text-align="center" fo:text-align-last="justify" style:justify-single-word="false"/></style:style><style:style style:name="P7" style:family="paragraph" style:parent-style-name="Table Contents"><style:properties fo:margin-left="0cm" fo:margin-right="0.192cm" fo:margin-top="0cm" fo:margin-bottom="0cm" style:font-name="標楷體" fo:font-size="6pt" style:font-name-asian="標楷體" style:font-size-asian="6pt" style:font-size-complex="6pt" fo:text-align="center" fo:text-align-last="justify" style:justify-single-word="false" fo:text-indent="0cm" style:auto-text-indent="false" fo:background-color="transparent" style:vertical-align="bottom"><style:background-image/></style:properties></style:style><style:style style:name="P8" style:family="paragraph" style:parent-style-name="Table Contents"><style:properties fo:margin-left="0cm" fo:margin-right="0.192cm" fo:margin-top="0cm" fo:margin-bottom="0cm" fo:color="#ff0000" style:font-name="標楷體" fo:font-size="10pt" style:font-name-asian="標楷體" style:font-size-asian="10pt" style:font-size-complex="10pt" fo:text-align="start" style:justify-single-word="false" fo:text-indent="0cm" style:auto-text-indent="false" fo:background-color="transparent" style:vertical-align="bottom"><style:background-image/></style:properties></style:style><style:style style:name="P9" style:family="paragraph" style:parent-style-name="Table Contents"><style:properties fo:margin-left="0cm" fo:margin-right="0.192cm" fo:margin-top="0.199cm" fo:margin-bottom="0cm" style:font-name="IDAutomationHC39M" fo:font-size="10pt" style:font-name-asian="IDAutomationHC39M" style:font-size-asian="10pt" style:font-size-complex="10pt" fo:text-align="center" fo:text-align-last="justify" style:justify-single-word="false" fo:text-indent="0cm" style:auto-text-indent="false" fo:background-color="transparent" style:vertical-align="bottom"><style:background-image/></style:properties></style:style></office:automatic-styles><office:body><text:sequence-decls><text:sequence-decl text:display-outline-level="0" text:name="Illustration"/><text:sequence-decl text:display-outline-level="0" text:name="Table"/><text:sequence-decl text:display-outline-level="0" text:name="Text"/><text:sequence-decl text:display-outline-level="0" text:name="Drawing"/></text:sequence-decls><table:table table:name="Table1" table:style-name="Table1"><table:table-column table:style-name="Table1.A"/><table:table-column table:style-name="Table1.B"/><table:table-header-rows><table:table-row><table:table-cell table:style-name="Table1.A1" table:value-type="string"><text:p text:style-name="P1">{school}收費單</text:p><text:p text:style-name="P2">({item})</text:p></table:table-cell><table:table-cell table:style-name="Table1.A1" table:value-type="string"><text:p text:style-name="P2">NO. {record_id}</text:p></table:table-cell></table:table-row></table:table-header-rows><table:table-row><table:table-cell table:style-name="Table1.A2" table:number-columns-spanned="2" table:value-type="string"><text:p text:style-name="P2">班級：{class}　　座號：{num}　　姓名：{stud_name}</text:p></table:table-cell><table:covered-table-cell/></table:table-row></table:table><table:table table:name="Table5" table:style-name="Table5"><table:table-column table:style-name="Table5.A"/><table:table-column table:style-name="Table5.B"/><table:table-column table:style-name="Table5.C"/><table:table-column table:style-name="Table5.D"/><table:table-row><table:table-cell table:style-name="Table5.A1" table:value-type="string"><text:p text:style-name="P3">NO</text:p></table:table-cell><table:table-cell table:style-name="Table5.B1" table:value-type="string"><text:p text:style-name="P3">收　費　細　目</text:p></table:table-cell><table:table-cell table:style-name="Table5.B1" table:value-type="string"><text:p text:style-name="P3">減免</text:p></table:table-cell><table:table-cell table:style-name="Table5.D1" table:value-type="string"><text:p text:style-name="P3">金額</text:p></table:table-cell></table:table-row><table:table-row><table:table-cell table:style-name="Table5.A2" table:value-type="string"><text:p text:style-name="P4">1</text:p></table:table-cell><table:table-cell table:style-name="Table5.B2" table:value-type="string"><text:p text:style-name="P5">{detail_0}</text:p></table:table-cell><table:table-cell table:style-name="Table5.B2" table:value-type="string"><text:p text:style-name="P4">{per_0}</text:p></table:table-cell><table:table-cell table:style-name="Table5.D2" table:value-type="string"><text:p text:style-name="P4">{dollars_0}</text:p></table:table-cell></table:table-row><table:table-row><table:table-cell table:style-name="Table5.A2" table:value-type="string"><text:p text:style-name="P4">2</text:p></table:table-cell><table:table-cell table:style-name="Table5.B2" table:value-type="string"><text:p text:style-name="P5">{detail_1}</text:p></table:table-cell><table:table-cell table:style-name="Table5.B2" table:value-type="string"><text:p text:style-name="P4">{per_1}</text:p></table:table-cell><table:table-cell table:style-name="Table5.D2" table:value-type="string"><text:p text:style-name="P4">{dollars_1}</text:p></table:table-cell></table:table-row><table:table-row><table:table-cell table:style-name="Table5.A2" table:value-type="string"><text:p text:style-name="P4">3</text:p></table:table-cell><table:table-cell table:style-name="Table5.B2" table:value-type="string"><text:p text:style-name="P5">{detail_2}</text:p></table:table-cell><table:table-cell table:style-name="Table5.B2" table:value-type="string"><text:p text:style-name="P4">{per_2}</text:p></table:table-cell><table:table-cell table:style-name="Table5.D2" table:value-type="string"><text:p text:style-name="P4">{dollars_2}</text:p></table:table-cell></table:table-row><table:table-row><table:table-cell table:style-name="Table5.A2" table:value-type="string"><text:p text:style-name="P4">4</text:p></table:table-cell><table:table-cell table:style-name="Table5.B2" table:value-type="string"><text:p text:style-name="P5">{detail_3}</text:p></table:table-cell><table:table-cell table:style-name="Table5.B2" table:value-type="string"><text:p text:style-name="P4">{per_3}</text:p></table:table-cell><table:table-cell table:style-name="Table5.D2" table:value-type="string"><text:p text:style-name="P4">{dollars_3}</text:p></table:table-cell></table:table-row><table:table-row><table:table-cell table:style-name="Table5.A2" table:value-type="string"><text:p text:style-name="P4">5</text:p></table:table-cell><table:table-cell table:style-name="Table5.B2" table:value-type="string"><text:p text:style-name="P5">{detail_4}</text:p></table:table-cell><table:table-cell table:style-name="Table5.B2" table:value-type="string"><text:p text:style-name="P4">{per_4}</text:p></table:table-cell><table:table-cell table:style-name="Table5.D2" table:value-type="string"><text:p text:style-name="P4">{dollars_4}</text:p></table:table-cell></table:table-row><table:table-row><table:table-cell table:style-name="Table5.A2" table:value-type="string"><text:p text:style-name="P4">6</text:p></table:table-cell><table:table-cell table:style-name="Table5.B2" table:value-type="string"><text:p text:style-name="P5">{detail_5}</text:p></table:table-cell><table:table-cell table:style-name="Table5.B2" table:value-type="string"><text:p text:style-name="P4">{per_5}</text:p></table:table-cell><table:table-cell table:style-name="Table5.D2" table:value-type="string"><text:p text:style-name="P4">{dollars_5}</text:p></table:table-cell></table:table-row><table:table-row><table:table-cell table:style-name="Table5.A2" table:value-type="string"><text:p text:style-name="P4">7</text:p></table:table-cell><table:table-cell table:style-name="Table5.B2" table:value-type="string"><text:p text:style-name="P5">{detail_6}</text:p></table:table-cell><table:table-cell table:style-name="Table5.B2" table:value-type="string"><text:p text:style-name="P4">{per_6}</text:p></table:table-cell><table:table-cell table:style-name="Table5.D2" table:value-type="string"><text:p text:style-name="P4">{dollars_6}</text:p></table:table-cell></table:table-row><table:table-row><table:table-cell table:style-name="Table5.A9" table:number-columns-spanned="3" table:value-type="string"><text:p text:style-name="P6">合　　　　　　　計</text:p></table:table-cell><table:covered-table-cell/><table:covered-table-cell/><table:table-cell table:style-name="Table5.D9" table:value-type="string"><text:p text:style-name="P6">{total}</text:p></table:table-cell></table:table-row></table:table><text:p text:style-name="P7"/><text:p text:style-name="P8">經收：　　 <text:s/>　　出納：　 　　 　會計：　　　 <text:s/>　校長：</text:p><text:p text:style-name="P9">{barcode}</text:p></office:body></office:document-content>